"","days","id","value","cluster"
"1",1,"1",0.977839863947172,4
"2",2,"1",0.978005874353015,4
"3",3,"1",0.978130787720277,4
"4",4,"1",0.97821460404896,4
"5",5,"1",0.978305990884749,4
"6",6,"1",0.978395935719185,4
"7",7,"1",0.978463529532638,4
"8",8,"1",0.978524093589493,4
"9",9,"1",0.978582314394148,4
"10",10,"1",0.97865026870794,4
"11",11,"1",0.978737149289499,4
"12",12,"1",0.978809609857521,4
"13",13,"1",0.978892344685189,4
"14",14,"1",0.978984993272162,4
"15",15,"1",0.979088997619797,4
"16",16,"1",0.979186693211508,4
"17",17,"1",0.979283307302205,4
"18",18,"1",0.979373792887148,4
"19",19,"1",0.97950104950661,4
"20",20,"1",0.979591895591892,4
"21",21,"1",0.9797223967144,4
"22",22,"1",0.979816847803066,4
"23",23,"1",0.979866416599599,4
"24",24,"1",0.979946988425235,4
"25",25,"1",0.980036933259671,4
"26",26,"1",0.980134448601214,4
"27",27,"1",0.980195553408576,4
"28",28,"1",0.980246023455955,4
"29",29,"1",0.980303883760271,4
"30",30,"1",0.980405725105874,4
"31",31,"1",0.980487738932865,4
"32",32,"1",0.980583091272377,4
"33",33,"1",0.980653929588876,4
"34",34,"1",0.980759556188033,4
"35",35,"1",0.980830394504533,4
"36",36,"1",0.980895464815618,4
"37",37,"1",0.980985950400561,4
"38",38,"1",0.981053724464184,4
"39",39,"1",0.981126365282375,4
"40",40,"1",0.981221357121549,4
"41",41,"1",0.981291654687541,4
"42",42,"1",0.981378174768762,4
"43",43,"1",0.981447210583569,4
"44",44,"1",0.981550854430865,4
"45",45,"1",0.981609435735858,4
"46",46,"1",0.981688024809633,4
"47",47,"1",0.981778330144407,4
"48",48,"1",0.981907389265562,4
"49",49,"1",0.981985077088491,4
"50",50,"1",0.982042216392131,4
"51",51,"1",0.982092866689679,4
"52",52,"1",0.982157216000087,4
"53",53,"1",0.982206965046788,4
"54",54,"1",0.982292403626994,4
"55",55,"1",0.982357473938079,4
"56",56,"1",0.982439127264731,4
"57",57,"1",0.982498429570401,4
"58",58,"1",0.982544753863888,4
"59",59,"1",0.982635599949169,4
"60",60,"1",0.982702292511777,4
"61",61,"1",0.98279295834689,4
"62",62,"1",0.982836398637669,4
"63",63,"1",0.982887950186063,4
"64",64,"1",0.98290020719757,4
"65",65,"1",0.982878036426757,4
"66",66,"1",0.982861633661359,4
"67",67,"1",0.982934815230058,4
"68",68,"1",0.983027103316693,4
"69",69,"1",0.983123897657559,4
"70",70,"1",0.983186444466275,4
"71",71,"1",0.983270260794957,4
"72",72,"1",0.983360746379901,4
"73",73,"1",0.983417344933033,4
"74",74,"1",0.983515581275252,4
"75",75,"1",0.983627336380162,4
"76",76,"1",0.983724491221366,4
"77",77,"1",0.983809028550726,4
"78",78,"1",0.98388329162044,4
"79",79,"1",0.9839631424454,4
"80",80,"1",0.984023886752424,4
"81",81,"1",0.984123745346166,4
"82",82,"1",0.984226487942616,4
"83",83,"1",0.984307780768929,4
"84",84,"1",0.984389434095581,4
"85",85,"1",0.984454324156497,4
"86",86,"1",0.984523359971304,4
"87",87,"1",0.984579237523759,4
"88",88,"1",0.984647011587382,4
"89",89,"1",0.984723077158789,4
"90",90,"1",0.984794095725457,4
"91",1,"10",1,1
"92",2,"10",0.996663519822428,1
"93",3,"10",0.994606947672322,1
"94",4,"10",0.993040432822052,1
"95",5,"10",0.991241672255275,1
"96",6,"10",0.99017544105157,1
"97",7,"10",0.989145002061416,1
"98",8,"10",0.988301597570651,1
"99",9,"10",0.987544578798307,1
"100",10,"10",0.986697137591728,1
"101",11,"10",0.985965146457432,1
"102",12,"10",0.985120127280341,1
"103",13,"10",0.984079461943458,1
"104",14,"10",0.983093965056035,1
"105",15,"10",0.982035807283958,1
"106",16,"10",0.980793037041981,1
"107",17,"10",0.979759099564788,1
"108",18,"10",0.978205771319511,1
"109",19,"10",0.976441188279961,1
"110",20,"10",0.97531817394047,1
"111",21,"10",0.974363625207622,1
"112",22,"10",0.97333291710308,1
"113",23,"10",0.972456411542639,1
"114",24,"10",0.97147952631562,1
"115",25,"10",0.97051394389288,1
"116",26,"10",0.969326072985975,1
"117",27,"10",0.9681809912667,1
"118",28,"10",0.966959481061344,1
"119",29,"10",0.965599107831982,1
"120",30,"10",0.963964776156035,1
"121",31,"10",0.962488683740001,1
"122",32,"10",0.960859196123031,1
"123",33,"10",0.958854832164121,1
"124",34,"10",0.956479897693474,1
"125",35,"10",0.953352788509461,1
"126",36,"10",0.949709517930015,1
"127",37,"10",0.947829484818181,1
"128",38,"10",0.946022919934164,1
"129",39,"10",0.944051926159318,1
"130",40,"10",0.94172220290579,1
"131",41,"10",0.939170998511259,1
"132",42,"10",0.936303046482514,1
"133",43,"10",0.931013872308452,1
"134",44,"10",0.926632959192571,1
"135",45,"10",0.923642021888688,1
"136",46,"10",0.920184709351079,1
"137",47,"10",0.915755624759815,1
"138",48,"10",0.908584533673207,1
"139",49,"10",0.90624000912836,1
"140",50,"10",0.904552931032441,1
"141",51,"10",0.902440921318488,1
"142",52,"10",0.900298501678736,1
"143",53,"10",0.897254548840494,1
"144",54,"10",0.830393079239117,1
"145",55,"10",0.886692347355628,1
"146",56,"10",0.885089232948643,1
"147",57,"10",0.88374931241274,1
"148",58,"10",0.882605576265403,1
"149",59,"10",0.881657486277857,1
"150",60,"10",0.880646692637999,1
"151",61,"10",0.879419800144891,1
"152",62,"10",0.87825399661777,1
"153",63,"10",0.87728841419503,1
"154",64,"10",0.875994781333795,1
"155",65,"10",0.87491724732581,1
"156",66,"10",0.873947628187256,1
"157",67,"10",0.873044211188054,1
"158",68,"10",0.872110115148664,1
"159",69,"10",0.871491421171552,1
"160",70,"10",0.870578854283171,1
"161",71,"10",0.869568867986475,1
"162",72,"10",0.868539505453872,1
"163",73,"10",0.86788367369127,1
"164",74,"10",0.866978103776967,1
"165",75,"10",0.865908104971834,1
"166",76,"10",0.864714313548402,1
"167",77,"10",0.863495494486923,1
"168",78,"10",0.862036087162921,1
"169",79,"10",0.860482220688868,1
"170",80,"10",0.858464131896191,1
"171",81,"10",0.856722961808363,1
"172",82,"10",0.854950305337184,1
"173",83,"10",0.853101489494313,1
"174",84,"10",0.85112672811804,1
"175",85,"10",0.849005299400521,1
"176",86,"10",0.84631684666831,1
"177",87,"10",0.843450240211502,1
"178",88,"10",0.83972435151506,1
"179",89,"10",0.835188966740691,1
"180",90,"10",0.831408447823564,1
"181",1,"12",1,3
"182",2,"12",0.999905539859906,3
"183",3,"12",0.999831621853665,3
"184",4,"12",0.999696582580304,3
"185",5,"12",0.999542179820115,3
"186",6,"12",0.999381041934072,3
"187",7,"12",0.999207107308908,3
"188",8,"12",0.999003706508135,3
"189",9,"12",0.998607512729809,3
"190",10,"12",0.997585120625262,3
"191",11,"12",0.994678913819518,3
"192",12,"12",0.99407746708081,3
"193",13,"12",0.993861774675354,3
"194",14,"12",0.993701478680043,3
"195",15,"12",0.99347282115732,3
"196",16,"12",0.993267568196938,3
"197",17,"12",0.99306349388358,3
"198",18,"12",0.992902019241244,3
"199",19,"12",0.992700638978228,3
"200",20,"12",0.992379205096874,3
"201",21,"12",0.991989241309962,3
"202",22,"12",0.991407158058081,3
"203",23,"12",0.99062756724055,3
"204",24,"12",0.989746612778925,3
"205",25,"12",0.989493877181276,3
"206",26,"12",0.989215884861677,3
"207",27,"12",0.988997161649587,3
"208",28,"12",0.988934861735443,3
"209",29,"12",0.988860943729202,3
"210",30,"12",0.988787194101107,3
"211",31,"12",0.988722368514768,3
"212",32,"12",0.988646261592625,3
"213",33,"12",0.988507518000045,3
"214",34,"12",0.988332909862295,3
"215",35,"12",0.988166552253716,3
"216",36,"12",0.988032018114794,3
"217",37,"12",0.987889570202995,3
"218",38,"12",0.987811947877535,3
"219",39,"12",0.987642391084175,3
"220",40,"12",0.987473002668962,3
"221",41,"12",0.987346213924772,3
"222",42,"12",0.987211006273265,3
"223",43,"12",0.987025285177857,3
"224",44,"12",0.986839732460596,3
"225",45,"12",0.986654011365188,3
"226",46,"12",0.986468458647927,3
"227",47,"12",0.986282737552519,3
"228",48,"12",0.986097184835258,3
"229",49,"12",0.985938404243264,3
"230",50,"12",0.985794272550001,3
"231",51,"12",0.985701664569517,3
"232",52,"12",0.985582621220058,3
"233",53,"12",0.985466103542794,3
"234",54,"12",0.985339651554896,3
"235",55,"12",0.985201581474902,3
"236",56,"12",0.985049199252468,3
"237",57,"12",0.984838894947696,3
"238",58,"12",0.984560060737365,3
"239",59,"12",0.984339485365666,3
"240",60,"12",0.984096852456797,3
"241",61,"12",0.983809262582857,3
"242",62,"12",0.983561578329598,3
"243",63,"12",0.983265232792048,3
"244",64,"12",0.983043478773325,3
"245",65,"12",0.982851864442795,3
"246",66,"12",0.982798993704846,3
"247",67,"12",0.982735178387385,3
"248",68,"12",0.982612430718707,3
"249",69,"12",0.982491871965931,3
"250",70,"12",0.982397075069544,3
"251",71,"12",0.982293522509548,3
"252",72,"12",0.982190138327699,3
"253",73,"12",0.982086585767702,3
"254",74,"12",0.981983201585853,3
"255",75,"12",0.98179175563347,3
"256",76,"12",0.981651833393865,3
"257",77,"12",0.981587007807526,3
"258",78,"12",0.981306826572025,3
"259",79,"12",0.981322822495927,3
"260",80,"12",0.981338986797975,3
"261",81,"12",0.981270962026855,3
"262",82,"12",0.981129019249495,3
"263",83,"12",0.980987244850281,3
"264",84,"12",0.980845470451067,3
"265",85,"12",0.980578254332833,3
"266",86,"12",0.980380578389035,3
"267",87,"12",0.980216746452651,3
"268",88,"12",0.980068573683876,3
"269",89,"12",0.979938080620467,3
"270",90,"12",0.979784688129155,3
"271",1,"13",0.998911394853552,1
"272",2,"13",0.999543513465719,1
"273",3,"13",1,1
"274",4,"13",0.999664845004239,1
"275",5,"13",0.999336688744663,1
"276",6,"13",0.998464863418155,1
"277",7,"13",0.997843604913861,1
"278",8,"13",0.997558346080385,1
"279",9,"13",0.997273087246909,1
"280",10,"13",0.996393237507362,1
"281",11,"13",0.995792371872297,1
"282",12,"13",0.994635468714111,1
"283",13,"13",0.994208726808617,1
"284",14,"13",0.993080844272026,1
"285",15,"13",0.991953022069368,1
"286",16,"13",0.989880249813855,1
"287",17,"13",0.988485932630769,1
"288",18,"13",0.986697272864011,1
"289",19,"13",0.984908613097254,1
"290",20,"13",0.983119953330496,1
"291",21,"13",0.981331293563739,1
"292",22,"13",0.979542633796981,1
"293",23,"13",0.977754034364157,1
"294",24,"13",0.975814358764026,1
"295",25,"13",0.974539683769346,1
"296",26,"13",0.972619194359791,1
"297",27,"13",0.970686879499441,1
"298",28,"13",0.968951615263061,1
"299",29,"13",0.967610029937094,1
"300",30,"13",0.96575928655366,1
"301",31,"13",0.964757984607728,1
"302",32,"13",0.963308160206622,1
"303",33,"13",0.961006481010709,1
"304",34,"13",0.958947283890038,1
"305",35,"13",0.956949084375255,1
"306",36,"13",0.954282143551199,1
"307",37,"13",0.949921749906075,1
"308",38,"13",0.945465968313463,1
"309",39,"13",0.941972090608776,1
"310",40,"13",0.938591399361703,1
"311",41,"13",0.936012787415017,1
"312",42,"13",0.934282832564709,1
"313",43,"13",0.932554808400245,1
"314",44,"13",0.930409152754114,1
"315",45,"13",0.928777783549724,1
"316",46,"13",0.927661243792468,1
"317",47,"13",0.926544764369144,1
"318",48,"13",0.923193455747263,1
"319",49,"13",0.922699441506886,1
"320",50,"13",0.921866410899059,1
"321",51,"13",0.919842871132572,1
"322",52,"13",0.918754567655787,1
"323",53,"13",0.9175033625609,1
"324",54,"13",0.9158557031947,1
"325",55,"13",0.914208043828499,1
"326",56,"13",0.912768053858412,1
"327",57,"13",0.911328124222258,1
"328",58,"13",0.909841797791911,1
"329",59,"13",0.908355471361564,1
"330",60,"13",0.906869205265149,1
"331",61,"13",0.904288843634417,1
"332",62,"13",0.902063969534743,1
"333",63,"13",0.900496252629277,1
"334",64,"13",0.899503276766048,1
"335",65,"13",0.898279704612306,1
"336",66,"13",0.897260543822315,1
"337",67,"13",0.896136341655615,1
"338",68,"13",0.894516315230559,1
"339",69,"13",0.893035117184486,1
"340",70,"13",0.892071946283976,1
"341",71,"13",0.890960293575263,1
"342",72,"13",0.888661329406318,1
"343",73,"13",0.886362365237374,1
"344",74,"13",0.885246308151579,1
"345",75,"13",0.883856576347373,1
"346",76,"13",0.880589312893645,1
"347",77,"13",0.878617841311018,1
"348",78,"13",0.877488691761842,1
"349",79,"13",0.876359602546599,1
"350",80,"13",0.874031436754261,1
"351",81,"13",0.872313186686883,1
"352",82,"13",0.870299059013886,1
"353",83,"13",0.869137268807158,1
"354",84,"13",0.867975538934362,1
"355",85,"13",0.86665748384212,1
"356",86,"13",0.86524723850082,1
"357",87,"13",0.863758619381033,1
"358",88,"13",0.862111563354159,1
"359",89,"13",0.859508516164758,1
"360",90,"13",0.856950659090897,1
"361",1,"14",1,1
"362",2,"14",0.998537020195156,1
"363",3,"14",0.997085053487308,1
"364",4,"14",0.995328464516572,1
"365",5,"14",0.992681356522804,1
"366",6,"14",0.988211580976329,1
"367",7,"14",0.985464694323784,1
"368",8,"14",0.98453034317471,1
"369",9,"14",0.983755681932067,1
"370",10,"14",0.982547104667813,1
"371",11,"14",0.981322007758066,1
"372",12,"14",0.979254188666246,1
"373",13,"14",0.978100676886968,1
"374",14,"14",0.97742887797026,1
"375",15,"14",0.976627565032888,1
"376",16,"14",0.975695196241274,1
"377",17,"14",0.974745647018347,1
"378",18,"14",0.973611298027841,1
"379",19,"14",0.972615714059474,1
"380",20,"14",0.971349868690844,1
"381",21,"14",0.970143714307929,1
"382",22,"14",0.969008704531603,1
"383",23,"14",0.967675018485483,1
"384",24,"14",0.96639573713852,1
"385",25,"14",0.965491341613273,1
"386",26,"14",0.964861392465147,1
"387",27,"14",0.963803914891668,1
"388",28,"14",0.962905906962678,1
"389",29,"14",0.962043801729893,1
"390",30,"14",0.960943152816192,1
"391",31,"14",0.95940792709506,1
"392",32,"14",0.957027336048576,1
"393",33,"14",0.953222531298671,1
"394",34,"14",0.948378750978238,1
"395",35,"14",0.945654551305504,1
"396",36,"14",0.943859636757224,1
"397",37,"14",0.94267418699666,1
"398",38,"14",0.941159225373999,1
"399",39,"14",0.939508802658297,1
"400",40,"14",0.938309916919399,1
"401",41,"14",0.936990988423253,1
"402",42,"14",0.934247625961746,1
"403",43,"14",0.929199002037203,1
"404",44,"14",0.928370817143163,1
"405",45,"14",0.927383603128513,1
"406",46,"14",0.926612466076908,1
"407",47,"14",0.925889566390143,1
"408",48,"14",0.925118649600478,1
"409",49,"14",0.924097955770962,1
"410",50,"14",0.923499504080242,1
"411",51,"14",0.922431674195587,1
"412",52,"14",0.921346663879619,1
"413",53,"14",0.92031055171431,1
"414",54,"14",0.919394702568188,1
"415",55,"14",0.917624677619118,1
"416",56,"14",0.915878440959558,1
"417",57,"14",0.913573620020401,1
"418",58,"14",0.912664819256356,1
"419",59,"14",0.911168579898587,1
"420",60,"14",0.910170132525001,1
"421",61,"14",0.909450977291214,1
"422",62,"14",0.908622131611355,1
"423",63,"14",0.907511570910358,1
"424",64,"14",0.906326561673674,1
"425",65,"14",0.904581426323813,1
"426",66,"14",0.902488717632783,1
"427",67,"14",0.901104151078546,1
"428",68,"14",0.899995132211128,1
"429",69,"14",0.898930606255571,1
"430",70,"14",0.897687227604812,1
"431",71,"14",0.896328872221423,1
"432",72,"14",0.894026474163605,1
"433",73,"14",0.892156670555758,1
"434",74,"14",0.890683778963619,1
"435",75,"14",0.889518373039586,1
"436",76,"14",0.888748117035741,1
"437",77,"14",0.88796971134012,1
"438",78,"14",0.887152319281135,1
"439",79,"14",0.886312019980401,1
"440",80,"14",0.884943312285837,1
"441",81,"14",0.883761386716311,1
"442",82,"14",0.88247681908279,1
"443",83,"14",0.881551278411312,1
"444",84,"14",0.880258561086015,1
"445",85,"14",0.879406808164405,1
"446",86,"14",0.878564306244272,1
"447",87,"14",0.877409032369474,1
"448",88,"14",0.876089663349448,1
"449",89,"14",0.874803113358468,1
"450",90,"14",0.87341964811393,1
"451",1,"15",1,3
"452",2,"15",0.999945362468604,3
"453",3,"15",0.999889029874186,3
"454",4,"15",0.999828177111711,3
"455",5,"15",0.999729298435451,3
"456",6,"15",0.999657258257033,3
"457",7,"15",0.999561543698414,3
"458",8,"15",0.999479220137665,3
"459",9,"15",0.999399439171449,3
"460",10,"15",0.999333275211506,3
"461",11,"15",0.999206201986987,3
"462",12,"15",0.999062404140655,3
"463",13,"15",0.998855662954121,3
"464",14,"15",0.998712317124595,3
"465",15,"15",0.998627281463011,3
"466",16,"15",0.998578011631183,3
"467",17,"15",0.998498682681773,3
"468",18,"15",0.998395905360563,3
"469",19,"15",0.998306688543527,3
"470",20,"15",0.998176564205569,3
"471",21,"15",0.998030562777309,3
"472",22,"15",0.997935526243898,3
"473",23,"15",0.997839868187379,3
"474",24,"15",0.997733531233824,3
"475",25,"15",0.997583574658514,3
"476",26,"15",0.997406440572757,3
"477",27,"15",0.997106244911633,3
"478",28,"15",0.996822943378623,3
"479",29,"15",0.996701859376781,3
"480",30,"15",0.996578684797211,3
"481",31,"15",0.996446187371023,3
"482",32,"15",0.996313972455339,3
"483",33,"15",0.996154241016604,3
"484",34,"15",0.99591455910535,3
"485",35,"15",0.995718044799047,3
"486",36,"15",0.995652445860111,3
"487",37,"15",0.995582044242614,3
"488",38,"15",0.995499551175563,3
"489",39,"15",0.995448868791217,3
"490",40,"15",0.995345582951101,3
"491",41,"15",0.995203819180395,3
"492",42,"15",0.995027476124049,3
"493",43,"15",0.994934586670465,3
"494",44,"15",0.994842092731587,3
"495",45,"15",0.994731857133082,3
"496",46,"15",0.994583482616592,3
"497",47,"15",0.994452002228217,3
"498",48,"15",0.994323064434374,3
"499",49,"15",0.994139206598632,3
"500",50,"15",0.994017727082084,3
"501",51,"15",0.99395150662004,3
"502",52,"15",0.993859125685363,3
"503",53,"15",0.993720356525995,3
"504",54,"15",0.993586277040987,3
"505",55,"15",0.993486324824814,3
"506",56,"15",0.993423324982511,3
"507",57,"15",0.993351962829302,3
"508",58,"15",0.993277775571057,3
"509",59,"15",0.993188050235114,3
"510",60,"15",0.993080131222739,3
"511",61,"15",0.992948650834364,3
"512",62,"15",0.992771403744406,3
"513",63,"15",0.992590201507397,3
"514",64,"15",0.992509064490763,3
"515",65,"15",0.992405496140144,3
"516",66,"15",0.992306786970186,3
"517",67,"15",0.992156660888573,3
"518",68,"15",0.992066766046328,3
"519",69,"15",0.991915792433205,3
"520",70,"15",0.991751032307506,3
"521",71,"15",0.991683738305548,3
"522",72,"15",0.991624637108195,3
"523",73,"15",0.991500049976108,3
"524",74,"15",0.991408912087647,3
"525",75,"15",0.991337945449143,3
"526",76,"15",0.991215561898984,3
"527",77,"15",0.991099789094609,3
"528",78,"15",0.990971529325975,3
"529",79,"15",0.990909038002578,3
"530",80,"15",0.990822081269571,3
"531",81,"15",0.990687097750951,3
"532",82,"15",0.990534316070604,3
"533",83,"15",0.990390518224272,3
"534",84,"15",0.99020270524148,3
"535",85,"15",0.990143943056731,3
"536",86,"15",0.990128122468529,3
"537",87,"15",0.990054782741795,3
"538",88,"15",0.989994947017133,3
"539",89,"15",0.989932512195837,3
"540",90,"15",0.989862788603549,3
"541",1,"16",1,2
"542",2,"16",0.999592302153028,2
"543",3,"16",0.99918300549097,2
"544",4,"16",0.998806644419688,2
"545",5,"16",0.998430283348405,2
"546",6,"16",0.998157205731688,2
"547",7,"16",0.997765496035578,2
"548",8,"16",0.997344368141883,2
"549",9,"16",0.996825073001897,2
"550",10,"16",0.996355341129582,2
"551",11,"16",0.995938370155111,2
"552",12,"16",0.995390616106591,2
"553",13,"16",0.994846059688244,2
"554",14,"16",0.994215806781278,2
"555",15,"16",0.993484508760867,2
"556",16,"16",0.992564550560289,2
"557",17,"16",0.990921608177747,2
"558",18,"16",0.990203420441043,2
"559",19,"16",0.989544388862526,2
"560",20,"16",0.988971373535645,2
"561",21,"16",0.988386846740144,2
"562",22,"16",0.987686565732404,2
"563",23,"16",0.986960064157252,2
"564",24,"16",0.986223330165548,2
"565",25,"16",0.985085613350234,2
"566",26,"16",0.984593498066713,2
"567",27,"16",0.984103301361295,2
"568",28,"16",0.983697841855444,2
"569",29,"16",0.983190058184079,2
"570",30,"16",0.982497131725735,2
"571",31,"16",0.981864640477649,2
"572",32,"16",0.981429123248178,2
"573",33,"16",0.980963548295088,2
"574",34,"16",0.980582710541563,2
"575",35,"16",0.980264866102434,2
"576",36,"16",0.979923039437012,2
"577",37,"16",0.97930046084246,2
"578",38,"16",0.978707620208511,2
"579",39,"16",0.978198877248094,2
"580",40,"16",0.977515863443285,2
"581",41,"16",0.976695351541066,2
"582",42,"16",0.976147917255564,2
"583",43,"16",0.9753302832205,2
"584",44,"16",0.97463575794707,2
"585",45,"16",0.973423216585724,2
"586",46,"16",0.972858834860308,2
"587",47,"16",0.972770900030569,2
"588",48,"16",0.97267145373221,2
"589",49,"16",0.972697674299623,2
"590",50,"16",0.972185413946016,2
"591",51,"16",0.971626148428876,2
"592",52,"16",0.971130835515183,2
"593",53,"16",0.970694039233643,2
"594",54,"16",0.970196168215812,2
"595",55,"16",0.969733471129876,2
"596",56,"16",0.969297953900405,2
"597",57,"16",0.968703194688353,2
"598",58,"16",0.96816503353035,2
"599",59,"16",0.96771097004588,2
"600",60,"16",0.967269377319081,2
"601",61,"16",0.966737931184441,2
"602",62,"16",0.966143171972388,2
"603",63,"16",0.965482221815768,2
"604",64,"16",0.9648036846932,2
"605",65,"16",0.963908028481931,2
"606",66,"16",0.963113417384108,2
"607",67,"16",0.962427525712144,2
"608",68,"16",0.961749628115611,2
"609",69,"16",0.961111381133215,2
"610",70,"16",0.96037464714151,2
"611",71,"16",0.95955317595024,2
"612",72,"16",0.958848738023276,2
"613",73,"16",0.958153253460795,2
"614",74,"16",0.957374950276851,2
"615",75,"16",0.956509351789202,2
"616",76,"16",0.955460529092679,2
"617",77,"16",0.953462969524026,2
"618",78,"16",0.951552385496061,2
"619",79,"16",0.950493969909021,2
"620",80,"16",0.950171329024633,2
"621",81,"16",0.949684010186371,2
"622",82,"16",0.949216516655176,2
"623",83,"16",0.948631670096658,2
"624",84,"16",0.948127403818482,2
"625",85,"16",0.947694764456166,2
"626",86,"16",0.947197213201352,2
"627",87,"16",0.946861142270241,2
"628",88,"16",0.946453444423269,2
"629",89,"16",0.946055659229832,2
"630",90,"16",0.94560063645631,2
"631",1,"17",1,3
"632",2,"17",0.999933658669504,3
"633",3,"17",0.999874880843901,3
"634",4,"17",0.999819266837338,3
"635",5,"17",0.999757275758023,3
"636",6,"17",0.999703935746395,3
"637",7,"17",0.999650645169439,3
"638",8,"17",0.999527157357533,3
"639",9,"17",0.999459036378827,3
"640",10,"17",0.999390964834794,3
"641",11,"17",0.999394128653834,3
"642",12,"17",0.999321855162638,3
"643",13,"17",0.99928314781407,3
"644",14,"17",0.999220019737287,3
"645",15,"17",0.999177753092299,3
"646",16,"17",0.999220316345322,3
"647",17,"17",0.999153678406792,3
"648",18,"17",0.999092132239529,3
"649",19,"17",0.999004286826495,3
"650",20,"17",0.99895356685251,3
"651",21,"17",0.99897393393758,3
"652",22,"17",0.998905565785512,3
"653",23,"17",0.998804669618938,3
"654",24,"17",0.998742381931588,3
"655",25,"17",0.99868014367891,3
"656",26,"17",0.998554727914776,3
"657",27,"17",0.998414728922254,3
"658",28,"17",0.998313190104938,3
"659",29,"17",0.998240620005708,3
"660",30,"17",0.998168049906477,3
"661",31,"17",0.998058997018941,3
"662",32,"17",0.997940502108957,3
"663",33,"17",0.997816668254344,3
"664",34,"17",0.99769283439973,3
"665",35,"17",0.997569049979789,3
"666",36,"17",0.997445216125175,3
"667",37,"17",0.997321382270561,3
"668",38,"17",0.99719759785062,3
"669",39,"17",0.997071934913124,3
"670",40,"17",0.996965205455195,3
"671",41,"17",0.996841223296564,3
"672",42,"17",0.99671897135147,3
"673",43,"17",0.996633301064027,3
"674",44,"17",0.996528845601033,3
"675",45,"17",0.9963895881286,3
"676",46,"17",0.996343712752519,3
"677",47,"17",0.996195013257638,3
"678",48,"17",0.995998905911828,3
"679",49,"17",0.995930092847708,3
"680",50,"17",0.995806209558421,3
"681",51,"17",0.995707439082765,3
"682",52,"17",0.995583012012082,3
"683",53,"17",0.995474453471271,3
"684",54,"17",0.995362632242074,3
"685",55,"17",0.995237661389993,3
"686",56,"17",0.995095487271882,3
"687",57,"17",0.995049166983749,3
"688",58,"17",0.994931215855163,3
"689",59,"17",0.994820630492779,3
"690",60,"17",0.994750037780448,3
"691",61,"17",0.994622100848017,3
"692",62,"17",0.994532871264154,3
"693",63,"17",0.99444364168029,3
"694",64,"17",0.9943544615311,3
"695",65,"17",0.994222421520851,3
"696",66,"17",0.994090381510602,3
"697",67,"17",0.993994873723331,3
"698",68,"17",0.993915135596588,3
"699",69,"17",0.993829069831764,3
"700",70,"17",0.993743004066941,3
"701",71,"17",0.993637856518533,3
"702",72,"17",0.993532758404796,3
"703",73,"17",0.993428401811148,3
"704",74,"17",0.993324094652172,3
"705",75,"17",0.993219787493196,3
"706",76,"17",0.992979881027551,3
"707",77,"17",0.992931830525881,3
"708",78,"17",0.992819366645942,3
"709",79,"17",0.992732954838411,3
"710",80,"17",0.992610257981265,3
"711",81,"17",0.992504368912769,3
"712",82,"17",0.992399864015103,3
"713",83,"17",0.992266044356644,3
"714",84,"17",0.992148587574783,3
"715",85,"17",0.992038447124452,3
"716",86,"17",0.991940121560848,3
"717",87,"17",0.991762848825262,3
"718",88,"17",0.991585576089675,3
"719",89,"17",0.991492144558649,3
"720",90,"17",0.991393670691028,3
"721",1,"18",1,2
"722",2,"18",0.999674241974723,2
"723",3,"18",0.998925018295457,2
"724",4,"18",0.99813208330861,2
"725",5,"18",0.997487292074606,2
"726",6,"18",0.996898475048953,2
"727",7,"18",0.9959192230859,2
"728",8,"18",0.995026404794399,2
"729",9,"18",0.994358472279911,2
"730",10,"18",0.993518463577207,2
"731",11,"18",0.992424494155343,2
"732",12,"18",0.991207500148342,2
"733",13,"18",0.990034217448921,2
"734",14,"18",0.988088174212306,2
"735",15,"18",0.985827251330129,2
"736",16,"18",0.984476354358275,2
"737",17,"18",0.983786862873079,2
"738",18,"18",0.98293874483277,2
"739",19,"18",0.982176071520402,2
"740",20,"18",0.981406080025317,2
"741",21,"18",0.98058664134971,2
"742",22,"18",0.979755730928222,2
"743",23,"18",0.979020550248225,2
"744",24,"18",0.97829703910283,2
"745",25,"18",0.977519333847584,2
"746",26,"18",0.976593287050772,2
"747",27,"18",0.975649241480251,2
"748",28,"18",0.974847010423466,2
"749",29,"18",0.97385806681303,2
"750",30,"18",0.972915801341008,2
"751",31,"18",0.971838248383077,2
"752",32,"18",0.970484186791669,2
"753",33,"18",0.969682153523606,2
"754",34,"18",0.968600644791234,2
"755",35,"18",0.967741450582488,2
"756",36,"18",0.966672798117051,2
"757",37,"18",0.965758420854843,2
"758",38,"18",0.964391898573943,2
"759",39,"18",0.961795526019106,2
"760",40,"18",0.960418718724658,2
"761",41,"18",0.959759488913942,2
"762",42,"18",0.959060899147531,2
"763",43,"18",0.958324927312645,2
"764",44,"18",0.957661346150043,2
"765",45,"18",0.956896101584288,2
"766",46,"18",0.955973021618307,2
"767",47,"18",0.954884590280662,2
"768",48,"18",0.953982475919223,2
"769",49,"18",0.953168970905279,2
"770",50,"18",0.952441899562887,2
"771",51,"18",0.951732629205483,2
"772",52,"18",0.950829921477877,2
"773",53,"18",0.949784014715481,2
"774",54,"18",0.948530232006171,2
"775",55,"18",0.947367036531577,2
"776",56,"18",0.946137581835084,2
"777",57,"18",0.944920983405526,2
"778",58,"18",0.943529539745644,2
"779",59,"18",0.9422271010107,2
"780",60,"18",0.941009711426254,2
"781",61,"18",0.939369053976542,2
"782",62,"18",0.937692596768132,2
"783",63,"18",0.934698075515734,2
"784",64,"18",0.93014497913329,2
"785",65,"18",0.925316165272256,2
"786",66,"18",0.920993097173599,2
"787",67,"18",0.916042841037204,2
"788",68,"18",0.914018671255365,2
"789",69,"18",0.913332146601001,2
"790",70,"18",0.912632765679701,2
"791",71,"18",0.911988172234419,2
"792",72,"18",0.911220554203999,2
"793",73,"18",0.910577543068494,2
"794",74,"18",0.909875986471251,2
"795",75,"18",0.909133487608537,2
"796",76,"18",0.908414130026306,2
"797",77,"18",0.907614074645464,2
"798",78,"18",0.906634822682411,2
"799",79,"18",0.905632825016318,2
"800",80,"18",0.904617575505845,2
"801",81,"18",0.903800708083625,2
"802",82,"18",0.903068296445737,2
"803",83,"18",0.902420340592179,2
"804",84,"18",0.901774164837121,2
"805",85,"18",0.901148756897882,2
"806",86,"18",0.900487944777389,2
"807",87,"18",0.899784410292925,2
"808",88,"18",0.899012638699341,2
"809",89,"18",0.898202100516229,2
"810",90,"18",0.897475424751281,2
"811",1,"19",1,7
"812",2,"19",0.997363380469362,7
"813",3,"19",0.995664276553573,7
"814",4,"19",0.99486104865171,7
"815",5,"19",0.993116973966921,7
"816",6,"19",0.991600667899199,7
"817",7,"19",0.989953821682573,7
"818",8,"19",0.987642615633172,7
"819",9,"19",0.984879411715718,7
"820",10,"19",0.982393111144423,7
"821",11,"19",0.980439381068972,7
"822",12,"19",0.97877067406186,7
"823",13,"19",0.976979546628025,7
"824",14,"19",0.975448666699978,7
"825",15,"19",0.973909458851746,7
"826",16,"19",0.971850796981962,7
"827",17,"19",0.969600384749913,7
"828",18,"19",0.966882567997468,7
"829",19,"19",0.964317568580423,7
"830",20,"19",0.960810889588434,7
"831",21,"19",0.956930703376139,7
"832",22,"19",0.953632014190776,7
"833",23,"19",0.950206532420593,7
"834",24,"19",0.946450015823048,7
"835",25,"19",0.943491730375256,7
"836",26,"19",0.941043738236813,7
"837",27,"19",0.938436474624827,7
"838",28,"19",0.935523576342044,7
"839",29,"19",0.931452888955512,7
"840",30,"19",0.927981187228302,7
"841",31,"19",0.926069096753777,7
"842",32,"19",0.923991280667566,7
"843",33,"19",0.921853919952031,7
"844",34,"19",0.919202518363064,7
"845",35,"19",0.918197130198704,7
"846",36,"19",0.915881551991206,7
"847",37,"19",0.914142890454538,7
"848",38,"19",0.912653858325422,7
"849",39,"19",0.911079881410417,7
"850",40,"19",0.909089300288146,7
"851",41,"19",0.907035635170472,7
"852",42,"19",0.905139159546295,7
"853",43,"19",0.902761746531421,7
"854",44,"19",0.899775354353004,7
"855",45,"19",0.89653058845084,7
"856",46,"19",0.891439522643615,7
"857",47,"19",0.885429054447942,7
"858",48,"19",0.880163310514832,7
"859",49,"19",0.875809473842003,7
"860",50,"19",0.871529339262813,7
"861",51,"19",0.86714656306734,7
"862",52,"19",0.864498284448442,7
"863",53,"19",0.859865046053399,7
"864",54,"19",0.855585744266227,7
"865",55,"19",0.850336864371492,7
"866",56,"19",0.847215559886074,7
"867",57,"19",0.843768841919419,7
"868",58,"19",0.840638376721798,7
"869",59,"19",0.83725224437449,7
"870",60,"19",0.832313163110645,7
"871",61,"19",0.823479946368194,7
"872",62,"19",0.82013670280984,7
"873",63,"19",0.817124910474858,7
"874",64,"19",0.813937399023968,7
"875",65,"19",0.809632280684222,7
"876",66,"19",0.804771065474108,7
"877",67,"19",0.801095954296374,7
"878",68,"19",0.797788728992821,7
"879",69,"19",0.792843401788837,7
"880",70,"19",0.786793584170289,7
"881",71,"19",0.780188086077383,7
"882",72,"19",0.776316852379287,7
"883",73,"19",0.773706673995236,7
"884",74,"19",0.771385682639618,7
"885",75,"19",0.767398690850947,7
"886",76,"19",0.76267176335382,7
"887",77,"19",0.781886773597162,7
"888",78,"19",0.774992921267843,7
"889",79,"19",0.770810847948833,7
"890",80,"19",0.766699770149403,7
"891",81,"19",0.761459634570862,7
"892",82,"19",0.756567814254068,7
"893",83,"19",0.750369343260214,7
"894",84,"19",0.744295582871134,7
"895",85,"19",0.735043055347358,7
"896",86,"19",0.730935100517997,7
"897",87,"19",0.727164426456137,7
"898",88,"19",0.722913023201586,7
"899",89,"19",0.717777403021369,7
"900",90,"19",0.71163847665684,7
"901",1,"20",1,7
"902",2,"20",0.995228688973752,7
"903",3,"20",0.993261153668918,7
"904",4,"20",0.989453335602341,7
"905",5,"20",0.98582901174686,7
"906",6,"20",0.982575038945542,7
"907",7,"20",0.978663572693609,7
"908",8,"20",0.97565144565812,7
"909",9,"20",0.971252002167117,7
"910",10,"20",0.969151675866542,7
"911",11,"20",0.965974845798599,7
"912",12,"20",0.962884521086373,7
"913",13,"20",0.961282062118889,7
"914",14,"20",0.959225318165973,7
"915",15,"20",0.95695006906912,7
"916",16,"20",0.9553577639315,7
"917",17,"20",0.95332587708156,7
"918",18,"20",0.95102570494777,7
"919",19,"20",0.948851664479747,7
"920",20,"20",0.946296789457898,7
"921",21,"20",0.944768176525783,7
"922",22,"20",0.941740423141739,7
"923",23,"20",0.939894404125462,7
"924",24,"20",0.938353065939037,7
"925",25,"20",0.936263684675847,7
"926",26,"20",0.934307424078199,7
"927",27,"20",0.933150810549249,7
"928",28,"20",0.931415428718103,7
"929",29,"20",0.92941255281063,7
"930",30,"20",0.927554006341924,7
"931",31,"20",0.9254588888242,7
"932",32,"20",0.923422584398931,7
"933",33,"20",0.921589554372803,7
"934",34,"20",0.919541909306387,7
"935",35,"20",0.917527890559648,7
"936",36,"20",0.914997015499294,7
"937",37,"20",0.912482360193136,7
"938",38,"20",0.910171045220081,7
"939",39,"20",0.908362147023368,7
"940",40,"20",0.906444655594289,7
"941",41,"20",0.904389823726217,7
"942",42,"20",0.902436662024696,7
"943",43,"20",0.900166489842775,7
"944",44,"20",0.897440516194337,7
"945",45,"20",0.89481608084453,7
"946",46,"20",0.893290632742501,7
"947",47,"20",0.891289537051952,7
"948",48,"20",0.889011980266493,7
"949",49,"20",0.886383522945117,7
"950",50,"20",0.883653197655309,7
"951",51,"20",0.881180146678006,7
"952",52,"20",0.879247951975813,7
"953",53,"20",0.877820415804608,7
"954",54,"20",0.876146220688481,7
"955",55,"20",0.874139718413199,7
"956",56,"20",0.872460710117982,7
"957",57,"20",0.869724846375521,7
"958",58,"20",0.867576388284036,7
"959",59,"20",0.865253337066075,7
"960",60,"20",0.863281647921752,7
"961",61,"20",0.86180314479935,7
"962",62,"20",0.860063806930595,7
"963",63,"20",0.858456666651941,7
"964",64,"20",0.855949330015361,7
"965",65,"20",0.853253883790472,7
"966",66,"20",0.85151579866696,7
"967",67,"20",0.849447780006858,7
"968",68,"20",0.847278750519807,7
"969",69,"20",0.845222995576293,7
"970",70,"20",0.842274494812349,7
"971",71,"20",0.839534147560598,7
"972",72,"20",0.837295228075788,7
"973",73,"20",0.835781054680945,7
"974",74,"20",0.83451189188202,7
"975",75,"20",0.83304321291968,7
"976",76,"20",0.831219677383814,7
"977",77,"20",0.82931794417121,7
"978",78,"20",0.827353507762504,7
"979",79,"20",0.825461466842042,7
"980",80,"20",0.824128611837612,7
"981",81,"20",0.822788108493804,7
"982",82,"20",0.821122221056656,7
"983",83,"20",0.819631454217667,7
"984",84,"20",0.817949149224442,7
"985",85,"20",0.81600871277723,7
"986",86,"20",0.813909573287937,7
"987",87,"20",0.812114455288896,7
"988",88,"20",0.810237315443428,7
"989",89,"20",0.808248417535506,7
"990",90,"20",0.806614508069031,7
"991",1,"21",1,3
"992",2,"21",0.999931108766136,3
"993",3,"21",0.999697644029153,3
"994",4,"21",0.99954400564252,3
"995",5,"21",0.999466366315467,3
"996",6,"21",0.999202830008147,3
"997",7,"21",0.998615067497006,3
"998",8,"21",0.998400739213875,3
"999",9,"21",0.998198439558877,3
"1000",10,"21",0.997990125589813,3
"1001",11,"21",0.997874213355058,3
"1002",12,"21",0.997754473829532,3
"1003",13,"21",0.997623252431697,3
"1004",14,"21",0.997506793441117,3
"1005",15,"21",0.99745649190528,3
"1006",16,"21",0.99726895465754,3
"1007",17,"21",0.997019087245827,3
"1008",18,"21",0.996729306658939,3
"1009",19,"21",0.996670257029913,3
"1010",20,"21",0.996507870550091,3
"1011",21,"21",0.996325254104769,3
"1012",22,"21",0.99602891244799,3
"1013",23,"21",0.995446617495093,3
"1014",24,"21",0.994866509565493,3
"1015",25,"21",0.993946866268993,3
"1016",26,"21",0.993578899599228,3
"1017",27,"21",0.993245378546395,3
"1018",28,"21",0.99303706457733,3
"1019",29,"21",0.992932087459062,3
"1020",30,"21",0.992605674231945,3
"1021",31,"21",0.992255750504382,3
"1022",32,"21",0.991637916422905,3
"1023",33,"21",0.991360711219976,3
"1024",34,"21",0.990843480210173,3
"1025",35,"21",0.990374363712909,3
"1026",36,"21",0.989898686145754,3
"1027",37,"21",0.989478777672679,3
"1028",38,"21",0.988847821451418,3
"1029",39,"21",0.987845618025446,3
"1030",40,"21",0.987011815393363,3
"1031",41,"21",0.9861424736327,3
"1032",42,"21",0.985261103243902,3
"1033",43,"21",0.984471041077765,3
"1034",44,"21",0.98735080400444,3
"1035",45,"21",0.986799127377704,3
"1036",46,"21",0.985800751242503,3
"1037",47,"21",0.984899697644029,3
"1038",48,"21",0.984625226220222,3
"1039",49,"21",0.984256712794633,3
"1040",50,"21",0.983887652613219,3
"1041",51,"21",0.983617008480183,3
"1042",52,"21",0.983214596193486,3
"1043",53,"21",0.98252732412232,3
"1044",54,"21",0.981970179937342,3
"1045",55,"21",0.981329382111243,3
"1046",56,"21",0.980812697857264,3
"1047",57,"21",0.980408645303094,3
"1048",58,"21",0.979968506864519,3
"1049",59,"21",0.979688021126645,3
"1050",60,"21",0.978811571540266,3
"1051",61,"21",0.978405331962799,3
"1052",62,"21",0.978316210763435,3
"1053",63,"21",0.97815601130691,3
"1054",64,"21",0.978024789909074,3
"1055",65,"21",0.977795699218686,3
"1056",66,"21",0.977626751668972,3
"1057",67,"21",0.977388912885395,3
"1058",68,"21",0.977269720115694,3
"1059",69,"21",0.977270266871518,3
"1060",70,"21",0.977091477716966,3
"1061",71,"21",0.976853638933389,3
"1062",72,"21",0.976605411789149,3
"1063",73,"21",0.976465442298124,3
"1064",74,"21",0.976432090192841,3
"1065",75,"21",0.976288293411046,3
"1066",76,"21",0.976154884989912,3
"1067",77,"21",0.975929621590294,3
"1068",78,"21",0.975703811434851,3
"1069",79,"21",0.975379585231032,3
"1070",80,"21",0.975234694937588,3
"1071",81,"21",0.974885864721674,3
"1072",82,"21",0.974733866602514,3
"1073",83,"21",0.974295915187237,3
"1074",84,"21",0.973759000967758,3
"1075",85,"21",0.973373538111615,3
"1076",86,"21",0.972554497886789,3
"1077",87,"21",0.971355462364063,3
"1078",88,"21",0.970896734227461,3
"1079",89,"21",0.970504710301426,3
"1080",90,"21",0.970127448782648,3
"1081",1,"22",1,2
"1082",2,"22",0.999566517105685,2
"1083",3,"22",0.999311306397344,2
"1084",4,"22",0.998746465050207,2
"1085",5,"22",0.998044635602269,2
"1086",6,"22",0.9970594472061,2
"1087",7,"22",0.996226259305339,2
"1088",8,"22",0.995905369370587,2
"1089",9,"22",0.995274848797038,2
"1090",10,"22",0.993090545381531,2
"1091",11,"22",0.992612025303391,2
"1092",12,"22",0.991925208250061,2
"1093",13,"22",0.991182094716951,2
"1094",14,"22",0.990444610831818,2
"1095",15,"22",0.989557003000602,2
"1096",16,"22",0.989102878063701,2
"1097",17,"22",0.988029491849208,2
"1098",18,"22",0.987575366912307,2
"1099",19,"22",0.987190674300469,2
"1100",20,"22",0.986614573657376,2
"1101",21,"22",0.986181090763061,2
"1102",22,"22",0.985779509207289,2
"1103",23,"22",0.985479261315123,2
"1104",24,"22",0.985128346591154,2
"1105",25,"22",0.98469486369684,2
"1106",26,"22",0.984445282636477,2
"1107",27,"22",0.984105627208464,2
"1108",28,"22",0.983559551354587,2
"1109",29,"22",0.983189871137358,2
"1110",30,"22",0.982792042680238,2
"1111",31,"22",0.98227974471423,2
"1112",32,"22",0.981945718934195,2
"1113",33,"22",0.98168300202855,2
"1114",34,"22",0.981298309416712,2
"1115",35,"22",0.980746603914857,2
"1116",36,"22",0.980223046652893,2
"1117",37,"22",0.979701365940254,2
"1118",38,"22",0.97925850029931,2
"1119",39,"22",0.978918844871297,2
"1120",40,"22",0.978622350077783,2
"1121",41,"22",0.978258299508532,2
"1122",42,"22",0.977920520629845,2
"1123",43,"22",0.977597754145767,2
"1124",44,"22",0.977335037240121,2
"1125",45,"22",0.977021653502673,2
"1126",46,"22",0.976657602933422,2
"1127",47,"22",0.976286046166867,2
"1128",48,"22",0.975815032286031,2
"1129",49,"22",0.975439722420824,2
"1130",50,"22",0.974801695649971,2
"1131",51,"22",0.974103619300685,2
"1132",52,"22",0.97344307393792,2
"1133",53,"22",0.972896998084043,2
"1134",54,"22",0.972354675328818,2
"1135",55,"22",0.97172415475527,2
"1136",56,"22",0.971151807210828,2
"1137",57,"22",0.97000523557262,2
"1138",58,"22",0.969335307463224,2
"1139",59,"22",0.968777972313391,2
"1140",60,"22",0.968320094277838,2
"1141",61,"22",0.96780779631183,2
"1142",62,"22",0.967314263839082,2
"1143",63,"22",0.966837620310269,2
"1144",64,"22",0.966467940093039,2
"1145",65,"22",0.966173321848851,2
"1146",66,"22",0.965745468602515,2
"1147",67,"22",0.965330751201461,2
"1148",68,"22",0.96497608337884,2
"1149",69,"22",0.964583884569698,2
"1150",70,"22",0.964058450758407,2
"1151",71,"22",0.963645609906679,2
"1152",72,"22",0.963230892505625,2
"1153",73,"22",0.962575976790838,2
"1154",74,"22",0.961834739807053,2
"1155",75,"22",0.961129157260463,2
"1156",76,"22",0.960476118095002,2
"1157",77,"22",0.959721745265935,2
"1158",78,"22",0.95904243440991,2
"1159",79,"22",0.958278678834212,2
"1160",80,"22",0.957580602484927,2
"1161",81,"22",0.988735074395798,2
"1162",82,"22",0.987778034239519,2
"1163",83,"22",0.987194427399121,2
"1164",84,"22",0.986468202809945,2
"1165",85,"22",0.985603113570642,2
"1166",86,"22",0.984591653483908,2
"1167",87,"22",0.983655255370215,2
"1168",88,"22",0.982613770494264,2
"1169",89,"22",0.981698014423158,2
"1170",90,"22",0.980844184479811,2
"1171",1,"24",1,2
"1172",2,"24",0.999223698031587,2
"1173",3,"24",0.998489660701966,2
"1174",4,"24",0.997822128024563,2
"1175",5,"24",0.997147758420297,2
"1176",6,"24",0.996433610332461,2
"1177",7,"24",0.995852471549061,2
"1178",8,"24",0.995110975753771,2
"1179",9,"24",0.994327215319688,2
"1180",10,"24",0.993501811785619,2
"1181",11,"24",0.992862869893282,2
"1182",12,"24",0.992040574053241,2
"1183",13,"24",0.991227601295287,2
"1184",14,"24",0.990290942314983,2
"1185",15,"24",0.989617815788329,2
"1186",16,"24",0.989031083155677,2
"1187",17,"24",0.988439378212579,2
"1188",18,"24",0.987835242493365,2
"1189",19,"24",0.987103691318967,2
"1190",20,"24",0.986155223101354,2
"1191",21,"24",0.985460964255303,2
"1192",22,"24",0.984746194628662,2
"1193",23,"24",0.984140815831836,2
"1194",24,"24",0.983603184764841,2
"1195",25,"24",0.982962378256086,2
"1196",26,"24",0.98211149163098,2
"1197",27,"24",0.981251281923787,2
"1198",28,"24",0.980827392458248,2
"1199",29,"24",0.980198395186804,2
"1200",30,"24",0.979551994828797,2
"1201",31,"24",0.9788850836902,2
"1202",32,"24",0.978136129429241,2
"1203",33,"24",0.977648843005513,2
"1204",34,"24",0.976647543989409,2
"1205",35,"24",0.975968202074697,2
"1206",36,"24",0.975255918603278,2
"1207",37,"24",0.974506342803513,2
"1208",38,"24",0.973616920772448,2
"1209",39,"24",0.972721904892132,2
"1210",40,"24",0.97168207047007,2
"1211",41,"24",0.970325251257062,2
"1212",42,"24",0.969021262842546,2
"1213",43,"24",0.967786886774276,2
"1214",44,"24",0.966188288965822,2
"1215",45,"24",0.964923457496069,2
"1216",46,"24",0.964142804756015,2
"1217",47,"24",0.963527481338297,2
"1218",48,"24",0.963001037969806,2
"1219",49,"24",0.96240746841029,2
"1220",50,"24",0.961627437209042,2
"1221",51,"24",0.960879726025694,2
"1222",52,"24",0.960110260984145,2
"1223",53,"24",0.959402949823172,2
"1224",54,"24",0.958687558657725,2
"1225",55,"24",0.958061047541503,2
"1226",56,"24",0.957496068767054,2
"1227",57,"24",0.956671908310595,2
"1228",58,"24",0.955935384825752,2
"1229",59,"24",0.955175242866288,2
"1230",60,"24",0.954357297797888,2
"1231",61,"24",0.953361592631036,2
"1232",62,"24",0.952038958052346,2
"1233",63,"24",0.950877302024352,2
"1234",64,"24",0.949812606050059,2
"1235",65,"24",0.948754125463823,2
"1236",66,"24",0.947528450938834,2
"1237",67,"24",0.946619761204791,2
"1238",68,"24",0.945522745212597,2
"1239",69,"24",0.944001839754865,2
"1240",70,"24",0.942475340447881,2
"1241",71,"24",0.941004158094611,2
"1242",72,"24",0.938982292359423,2
"1243",73,"24",0.936061681511085,2
"1244",74,"24",0.934578068381699,2
"1245",75,"24",0.932350473301801,2
"1246",76,"24",0.929382003965418,2
"1247",77,"24",0.926695713246857,2
"1248",78,"24",0.924540216668428,2
"1249",79,"24",0.92160033811711,2
"1250",80,"24",0.919047056702985,2
"1251",81,"24",0.917173738742378,2
"1252",82,"24",0.91537562697727,2
"1253",83,"24",0.913691256813619,2
"1254",84,"24",0.912771379381072,2
"1255",85,"24",0.912115034402173,2
"1256",86,"24",0.911282172402434,2
"1257",87,"24",0.91048100888179,2
"1258",88,"24",0.909652497653691,2
"1259",89,"24",0.908833309507679,2
"1260",90,"24",0.907737536593097,2
"1261",1,"25",0.996776461819262,3
"1262",2,"25",0.996972796926867,3
"1263",3,"25",0.997243312946168,3
"1264",4,"25",0.997263301814589,3
"1265",5,"25",0.997266855391198,3
"1266",6,"25",0.997510275388861,3
"1267",7,"25",0.997697282357869,3
"1268",8,"25",0.997698170752021,3
"1269",9,"25",0.997850974546175,3
"1270",10,"25",0.997748809218688,3
"1271",11,"25",0.997747920824536,3
"1272",12,"25",0.997797670897052,3
"1273",13,"25",0.997765688707578,3
"1274",14,"25",0.998133483886529,3
"1275",15,"25",0.998322267643841,3
"1276",16,"25",0.998394671767234,3
"1277",17,"25",0.998594560451446,3
"1278",18,"25",0.998810884427472,3
"1279",19,"25",0.999118268804084,3
"1280",20,"25",0.999328374021045,3
"1281",21,"25",0.99933903475087,3
"1282",22,"25",0.999348807086543,3
"1283",23,"25",0.999430095151456,3
"1284",24,"25",0.999347030298238,3
"1285",25,"25",0.999257746685957,3
"1286",26,"25",0.999351472268999,3
"1287",27,"25",0.999458523764321,3
"1288",28,"25",0.999376791502332,3
"1289",29,"25",0.999292394057887,3
"1290",30,"25",0.99934347672163,3
"1291",31,"25",0.999351472268999,3
"1292",32,"25",0.999427874166075,3
"1293",33,"25",0.999478068435667,3
"1294",34,"25",0.999376791502332,3
"1295",35,"25",0.999412771465491,3
"1296",36,"25",0.999482510406427,3
"1297",37,"25",0.999426097377771,3
"1298",38,"25",0.999518046172509,3
"1299",39,"25",0.999684175878944,3
"1300",40,"25",0.999634870003505,3
"1301",41,"25",0.999625986061984,3
"1302",42,"25",0.999842754235086,3
"1303",43,"25",0.999773459491226,3
"1304",44,"25",0.999838756461402,3
"1305",45,"25",1,3
"1306",46,"25",0.999798334527483,3
"1307",47,"25",0.999674847740347,3
"1308",48,"25",0.999738367922219,3
"1309",49,"25",0.999827207337425,3
"1310",50,"25",0.999610883361399,3
"1311",51,"25",0.999406552706426,3
"1312",52,"25",0.999274626174846,3
"1313",53,"25",0.99924175559122,3
"1314",54,"25",0.999164909497067,3
"1315",55,"25",0.999219989934494,3
"1316",56,"25",0.999020989644434,3
"1317",57,"25",0.998831317492969,3
"1318",58,"25",0.998661634209927,3
"1319",59,"25",0.998444421839749,3
"1320",60,"25",0.998263189432729,3
"1321",61,"25",0.998299613592964,3
"1322",62,"25",0.998027764982434,3
"1323",63,"25",0.99758978666547,3
"1324",64,"25",0.997243757143244,3
"1325",65,"25",0.997127821706401,3
"1326",66,"25",0.996832874847918,3
"1327",67,"25",0.99673648408242,3
"1328",68,"25",0.9964903989023,3
"1329",69,"25",0.996162581460191,3
"1330",70,"25",0.995896951608726,3
"1331",71,"25",0.995856085477732,3
"1332",72,"25",0.995992453980072,3
"1333",73,"25",0.995983570038552,3
"1334",74,"25",0.996182126131537,3
"1335",75,"25",0.996214552518087,3
"1336",76,"25",0.996566800799377,3
"1337",77,"25",0.996424213537972,3
"1338",78,"25",0.996511276164874,3
"1339",79,"25",0.996640981711074,3
"1340",80,"25",0.991242210449025,3
"1341",81,"25",0.996465968063119,3
"1342",82,"25",0.996664968353179,3
"1343",83,"25",0.996716939411075,3
"1344",84,"25",0.996906167365463,3
"1345",85,"25",0.996668077732711,3
"1346",86,"25",0.996602780762535,3
"1347",87,"25",0.996344702261363,3
"1348",88,"25",0.996148811350834,3
"1349",89,"25",0.995888067667206,3
"1350",90,"25",0.995662859749659,3
"1351",1,"26",1,3
"1352",2,"26",0.999882582571959,3
"1353",3,"26",0.999782914899443,3
"1354",4,"26",0.999596839460362,3
"1355",5,"26",0.99945181906605,3
"1356",6,"26",0.999306746261043,3
"1357",7,"26",0.999136708494769,3
"1358",8,"26",0.998923065029881,3
"1359",9,"26",0.998683111395876,3
"1360",10,"26",0.998424150149654,3
"1361",11,"26",0.998217337545406,3
"1362",12,"26",0.997993386643746,3
"1363",13,"26",0.997918771283656,3
"1364",14,"26",0.997745326822178,3
"1365",15,"26",0.997480076292502,3
"1366",16,"26",0.997207767789173,3
"1367",17,"26",0.997005340213111,3
"1368",18,"26",0.996682228275658,3
"1369",19,"26",0.9963614748195,3
"1370",20,"26",0.996152618198129,3
"1371",21,"26",0.995852759139224,3
"1372",22,"26",0.995455346305854,3
"1373",23,"26",0.995074932008042,3
"1374",24,"26",0.994719639903582,3
"1375",25,"26",0.994320113172162,3
"1376",26,"26",0.994128831603999,3
"1377",27,"26",0.993908828974729,3
"1378",28,"26",0.993605336107606,3
"1379",29,"26",0.993350113490993,3
"1380",30,"26",0.992961505654459,3
"1381",31,"26",0.992533275332164,3
"1382",32,"26",0.992142623478507,3
"1383",33,"26",0.991850783256006,3
"1384",34,"26",0.991685392571395,3
"1385",35,"26",0.991313591097869,3
"1386",36,"26",0.991082599692786,3
"1387",37,"26",0.990661322522754,3
"1388",38,"26",0.990282201022096,3
"1389",39,"26",0.989860434685573,3
"1390",40,"26",0.989386816701017,3
"1391",41,"26",0.989002244488033,3
"1392",42,"26",0.98904144768823,3
"1393",43,"26",0.988664143091681,3
"1394",44,"26",0.988354395881568,3
"1395",45,"26",0.987942692398571,3
"1396",46,"26",0.987459221203271,3
"1397",47,"26",0.986938730586751,3
"1398",48,"26",0.98615293702986,3
"1399",49,"26",0.985511674700789,3
"1400",50,"26",0.985082483515744,3
"1401",51,"26",0.984612342107321,3
"1402",52,"26",0.984243912388534,3
"1403",53,"26",0.983914947923423,3
"1404",54,"26",0.983634969988326,3
"1405",55,"26",0.983289705796929,3
"1406",56,"26",0.982958347910058,3
"1407",57,"26",0.982695613093764,3
"1408",58,"26",0.982382406777751,3
"1409",59,"26",0.982091405126377,3
"1410",60,"26",0.981713978238206,3
"1411",61,"26",0.981399391773879,3
"1412",62,"26",0.981078131680999,3
"1413",63,"26",0.980745550877901,3
"1414",64,"26",0.980414245401726,3
"1415",65,"26",0.980107782595194,3
"1416",66,"26",0.97974282945254,3
"1417",67,"26",0.979331160910007,3
"1418",68,"26",0.979024767984403,3
"1419",69,"26",0.978693130573823,3
"1420",70,"26",0.978449001554414,3
"1421",71,"26",0.97810607837408,3
"1422",72,"26",0.977673585315222,3
"1423",73,"26",0.977283090693651,3
"1424",74,"26",0.976938700013845,3
"1425",75,"26",0.97657421856745,3
"1426",76,"26",0.976252416897383,3
"1427",77,"26",0.976056121372688,3
"1428",78,"26",0.975666447852013,3
"1429",79,"26",0.975210387450434,3
"1430",80,"26",0.974772321387626,3
"1431",81,"26",0.974322061103009,3
"1432",82,"26",0.973771451806837,3
"1433",83,"26",0.97333310622032,3
"1434",84,"26",0.972810990872241,3
"1435",85,"26",0.972308215070783,3
"1436",86,"26",0.97175673226302,3
"1437",87,"26",0.971425409316613,3
"1438",88,"26",0.971112919280104,3
"1439",89,"26",0.97077787517432,3
"1440",90,"26",0.970322583462941,3
"1441",1,"28",0.997668605616128,3
"1442",2,"28",0.997678488319522,3
"1443",3,"28",0.997602382267216,3
"1444",4,"28",0.997819432295031,3
"1445",5,"28",0.997878081983398,3
"1446",6,"28",0.998503924957216,3
"1447",7,"28",0.998281795035133,3
"1448",8,"28",0.998084233328965,3
"1449",9,"28",0.998330284934964,3
"1450",10,"28",0.998223145346766,3
"1451",11,"28",0.998164680381827,3
"1452",12,"28",0.998200701450273,3
"1453",13,"28",0.998365105301128,3
"1454",14,"28",0.998327329360117,3
"1455",15,"28",0.998128936398523,3
"1456",16,"28",0.998192665981158,3
"1457",17,"28",0.999903389647194,3
"1458",18,"28",0.999909947328885,3
"1459",19,"28",1,3
"1460",20,"28",0.99989701668893,3
"1461",21,"28",0.99999371940345,3
"1462",22,"28",0.999816477274354,3
"1463",23,"28",0.999534035153053,3
"1464",24,"28",0.99956192839067,3
"1465",25,"28",0.999564145071805,3
"1466",26,"28",0.999560912411817,3
"1467",27,"28",0.999634524697846,3
"1468",28,"28",0.999530802493064,3
"1469",29,"28",0.999461808292733,3
"1470",30,"28",0.999392906454116,3
"1471",31,"28",0.999323912253786,3
"1472",32,"28",0.999255010415169,3
"1473",33,"28",0.999201163535928,3
"1474",34,"28",0.999055232027865,3
"1475",35,"28",0.998787198333942,3
"1476",36,"28",0.998549089835344,3
"1477",37,"28",0.998415811882094,3
"1478",38,"28",0.998118314801417,3
"1479",39,"28",0.997882977154238,3
"1480",40,"28",0.997917889882116,3
"1481",41,"28",0.998093100053505,3
"1482",42,"28",0.998389211708473,3
"1483",43,"28",0.998540038387376,3
"1484",44,"28",0.998482497039576,3
"1485",45,"28",0.998496905466954,3
"1486",46,"28",0.99845183295054,3
"1487",47,"28",0.998504294404072,3
"1488",48,"28",0.998625011164222,3
"1489",49,"28",0.99864708561386,3
"1490",50,"28",0.998717649963328,3
"1491",51,"28",0.998764477352307,3
"1492",52,"28",0.998842800085749,3
"1493",53,"28",0.998816107550413,3
"1494",54,"28",0.998816015188699,3
"1495",55,"28",0.998797727569334,3
"1496",56,"28",0.99880437761274,3
"1497",57,"28",0.998782303163102,3
"1498",58,"28",0.998749884201501,3
"1499",59,"28",0.998711369366778,3
"1500",60,"28",0.998970074527591,3
"1501",61,"28",0.998896462241562,3
"1502",62,"28",0.998866352322809,3
"1503",63,"28",0.998836242404057,3
"1504",64,"28",0.998799205356758,3
"1505",65,"28",0.998594993607184,3
"1506",66,"28",0.998454049631675,3
"1507",67,"28",0.998438717587157,3
"1508",68,"28",0.998396693007304,3
"1509",69,"28",0.998429666139189,3
"1510",70,"28",0.998481111613867,3
"1511",71,"28",0.99847723242188,3
"1512",72,"28",0.998501615914367,3
"1513",73,"28",0.998610140928274,3
"1514",74,"28",0.998710815196495,3
"1515",75,"28",0.998847418171447,3
"1516",76,"28",0.998871894025647,3
"1517",77,"28",0.998804008165884,3
"1518",78,"28",0.99878433512081,3
"1519",79,"28",0.998666112126936,3
"1520",80,"28",0.998671192021204,3
"1521",81,"28",0.998619746546526,3
"1522",82,"28",0.99852941679027,3
"1523",83,"28",0.998612357609409,3
"1524",84,"28",0.998562112837013,3
"1525",85,"28",0.99832086404014,3
"1526",86,"28",0.998129675292235,3
"1527",87,"28",0.997816291996756,3
"1528",88,"28",0.997638680420804,3
"1529",89,"28",0.997691880768047,3
"1530",90,"28",0.997898586283898,3
"1531",1,"31",1,3
"1532",2,"31",0.999507389764708,3
"1533",3,"31",0.999137422772446,3
"1534",4,"31",0.998623421273836,3
"1535",5,"31",0.99819050284952,3
"1536",6,"31",0.998068063332808,3
"1537",7,"31",0.998034041037814,3
"1538",8,"31",0.997780401772745,3
"1539",9,"31",0.99752411406555,3
"1540",10,"31",0.997504148886452,3
"1541",11,"31",0.997440790001764,3
"1542",12,"31",0.997417565201589,3
"1543",13,"31",0.99739617393827,3
"1544",14,"31",0.997380487011836,3
"1545",15,"31",0.997206504736841,3
"1546",16,"31",0.997073063998993,3
"1547",17,"31",0.996998296440535,3
"1548",18,"31",0.996963662966589,3
"1549",19,"31",0.996892358755526,3
"1550",20,"31",0.99678234654417,3
"1551",21,"31",0.996749139154446,3
"1552",22,"31",0.996485109847193,3
"1553",23,"31",0.996253676750712,3
"1554",24,"31",0.996020206391058,3
"1555",25,"31",0.995913046348145,3
"1556",26,"31",0.996010631254143,3
"1557",27,"31",0.996155888118396,3
"1558",28,"31",0.996093955317929,3
"1559",29,"31",0.99590652710599,3
"1560",30,"31",0.995756380810122,3
"1561",31,"31",0.99563394129341,3
"1562",32,"31",0.995506204892447,3
"1563",33,"31",0.995431844786623,3
"1564",34,"31",0.995314498427844,3
"1565",35,"31",0.99518533594266,3
"1566",36,"31",0.995236267521991,3
"1567",37,"31",0.995157221710869,3
"1568",38,"31",0.995032948657301,3
"1569",39,"31",0.994966941330488,3
"1570",40,"31",0.994989147499076,3
"1571",41,"31",0.994775438592202,3
"1572",42,"31",0.99451283536917,3
"1573",43,"31",0.994380005810275,3
"1574",44,"31",0.994289958778017,3
"1575",45,"31",0.994003723302175,3
"1576",46,"31",0.993698541278823,3
"1577",47,"31",0.993277642707229,3
"1578",48,"31",0.992523040427858,3
"1579",49,"31",0.991817536190962,3
"1580",50,"31",0.991076379848534,3
"1581",51,"31",0.990876931783872,3
"1582",52,"31",0.990687670035078,3
"1583",53,"31",0.990551988307739,3
"1584",54,"31",0.990419769927795,3
"1585",55,"31",0.99055728519199,3
"1586",56,"31",0.990413046959324,3
"1587",57,"31",0.990218284599961,3
"1588",58,"31",0.990079546977863,3
"1589",59,"31",0.990096252535883,3
"1590",60,"31",0.990232545442174,3
"1591",61,"31",0.990143517041503,3
"1592",62,"31",0.990027596766945,3
"1593",63,"31",0.989848521334016,3
"1594",64,"31",0.989607309374304,3
"1595",65,"31",0.989363652698783,3
"1596",66,"31",0.98920087537124,3
"1597",67,"31",0.98906458246495,3
"1598",68,"31",0.98895945968521,3
"1599",69,"31",0.988786496041801,3
"1600",70,"31",0.988721507346575,3
"1601",71,"31",0.988609457872046,3
"1602",72,"31",0.988454625870879,3
"1603",73,"31",0.988376191238709,3
"1604",74,"31",0.988286959111721,3
"1605",75,"31",0.988092196752358,3
"1606",76,"31",0.987905990898323,3
"1607",77,"31",0.987799849486997,3
"1608",78,"31",0.987612625001375,3
"1609",79,"31",0.987424381884167,3
"1610",80,"31",0.987275457946202,3
"1611",81,"31",0.986976795165004,3
"1612",82,"31",0.986693615583922,3
"1613",83,"31",0.986448940276815,3
"1614",84,"31",0.986278625075532,3
"1615",85,"31",0.986172279937888,3
"1616",86,"31",0.986098531011016,3
"1617",87,"31",0.98598709271544,3
"1618",88,"31",0.985967534988976,3
"1619",89,"31",0.98596346046263,3
"1620",90,"31",0.985904583556923,3
"1621",1,"33",1,7
"1622",2,"33",0.999594591740071,7
"1623",3,"33",0.998947075942148,7
"1624",4,"33",0.998499014508579,7
"1625",5,"33",0.997825906806472,7
"1626",6,"33",0.997116239241245,7
"1627",7,"33",0.996639742358582,7
"1628",8,"33",0.995912201082497,7
"1629",9,"33",0.99426010149018,7
"1630",10,"33",0.992736773860185,7
"1631",11,"33",0.991151294462887,7
"1632",12,"33",0.989531692526676,7
"1633",13,"33",0.987210953659967,7
"1634",14,"33",0.985942732630409,7
"1635",15,"33",0.983905535813229,7
"1636",16,"33",0.980901939947581,7
"1637",17,"33",0.975818900311815,7
"1638",18,"33",0.973717926844526,7
"1639",19,"33",0.97222140978082,7
"1640",20,"33",0.97065096054947,7
"1641",21,"33",0.969194659335195,7
"1642",22,"33",0.967425161960194,7
"1643",23,"33",0.965251881208068,7
"1644",24,"33",0.963409670327528,7
"1645",25,"33",0.961640579173227,7
"1646",26,"33",0.959646441750389,7
"1647",27,"33",0.957947626777419,7
"1648",28,"33",0.955980299920868,7
"1649",29,"33",0.953951633738417,7
"1650",30,"33",0.95149440471606,7
"1651",31,"33",0.948856813702312,7
"1652",32,"33",0.94654744901524,7
"1653",33,"33",0.944205992892763,7
"1654",34,"33",0.941645177591566,7
"1655",35,"33",0.93864523771223,7
"1656",36,"33",0.934871447396856,7
"1657",37,"33",0.932140019401101,7
"1658",38,"33",0.929356595155574,7
"1659",39,"33",0.925769666362814,7
"1660",40,"33",0.921711927777209,7
"1661",41,"33",0.917429142923067,7
"1662",42,"33",0.912803914017701,7
"1663",43,"33",0.909019561964093,7
"1664",44,"33",0.905741767125046,7
"1665",45,"33",0.902303108888271,7
"1666",46,"33",0.898030479551662,7
"1667",47,"33",0.894140510115708,7
"1668",48,"33",0.88956930856362,7
"1669",49,"33",0.884665818477842,7
"1670",50,"33",0.880627578485902,7
"1671",51,"33",0.877467587650241,7
"1672",52,"33",0.875319086360896,7
"1673",53,"33",0.873446815148457,7
"1674",54,"33",0.871518485479235,7
"1675",55,"33",0.869363484658669,7
"1676",56,"33",0.867669950554816,7
"1677",57,"33",0.86589314120719,7
"1678",58,"33",0.863637803873396,7
"1679",59,"33",0.861609950132347,7
"1680",60,"33",0.86001878364523,7
"1681",61,"33",0.858050238126575,7
"1682",62,"33",0.856250274198973,7
"1683",63,"33",0.8544283743535,7
"1684",64,"33",0.85229043480239,7
"1685",65,"33",0.850319451959527,7
"1686",66,"33",0.848386247641889,7
"1687",67,"33",0.84633402065876,7
"1688",68,"33",0.843414918698989,7
"1689",69,"33",0.840030694036193,7
"1690",70,"33",0.838292881875895,7
"1691",71,"33",0.836574162088559,7
"1692",72,"33",0.834244486366421,7
"1693",73,"33",0.832052925682735,7
"1694",74,"33",0.830280178542123,7
"1695",75,"33",0.828691043158512,7
"1696",76,"33",0.826926420431926,7
"1697",77,"33",0.825276351943116,7
"1698",78,"33",0.823455670759746,7
"1699",79,"33",0.821802758726027,7
"1700",80,"33",0.820173407492985,7
"1701",81,"33",0.817363578901872,7
"1702",82,"33",0.816680315682231,7
"1703",83,"33",0.814524908640964,7
"1704",84,"33",0.812777347183834,7
"1705",85,"33",0.810904263529993,7
"1706",86,"33",0.808507967612836,7
"1707",87,"33",0.806495144037736,7
"1708",88,"33",0.804622872825297,7
"1709",89,"33",0.802750195392157,7
"1710",90,"33",0.800713404795679,7
"1711",1,"34",1,2
"1712",2,"34",0.99940540653875,2
"1713",3,"34",0.998840098343798,2
"1714",4,"34",0.997635300209304,2
"1715",5,"34",0.997086514829968,2
"1716",6,"34",0.996571002982767,2
"1717",7,"34",0.995903481231905,2
"1718",8,"34",0.995235959481042,2
"1719",9,"34",0.99456843773018,2
"1720",10,"34",0.993900915979318,2
"1721",11,"34",0.992427992430044,2
"1722",12,"34",0.991609258428687,2
"1723",13,"34",0.990593959896733,2
"1724",14,"34",0.990050416238213,2
"1725",15,"34",0.989432576884649,2
"1726",16,"34",0.988814737531086,2
"1727",17,"34",0.988537268179199,2
"1728",18,"34",0.987908261681289,2
"1729",19,"34",0.987279255183378,2
"1730",20,"34",0.98665036263592,2
"1731",21,"34",0.985649307910532,2
"1732",22,"34",0.984684033627234,2
"1733",23,"34",0.983843307188542,2
"1734",24,"34",0.983245864965979,2
"1735",25,"34",0.982617997972594,2
"1736",26,"34",0.982060552358866,2
"1737",27,"34",0.981111686940731,2
"1738",28,"34",0.980238370672618,2
"1739",29,"34",0.97895836523946,2
"1740",30,"34",0.978089606989447,2
"1741",31,"34",0.977461170243799,2
"1742",32,"34",0.977153390071543,2
"1743",33,"34",0.976820996601542,2
"1744",34,"34",0.975381232633951,2
"1745",35,"34",0.974782309055506,2
"1746",36,"34",0.974155923418003,2
"1747",37,"34",0.97326859124423,2
"1748",38,"34",0.972865662444119,2
"1749",39,"34",0.971498029112973,2
"1750",40,"34",0.970004594482246,2
"1751",41,"34",0.967836117370789,2
"1752",42,"34",0.967356272015227,2
"1753",43,"34",0.966876540610118,2
"1754",44,"34",0.965947046768912,2
"1755",45,"34",0.964990204819101,2
"1756",46,"34",0.964526882279155,2
"1757",47,"34",0.964060710977895,2
"1758",48,"34",0.963535855193588,2
"1759",49,"34",0.9629915138819,2
"1760",50,"34",0.962287072184421,2
"1761",51,"34",0.961634022141029,2
"1762",52,"34",0.961150872222344,2
"1763",53,"34",0.960703616696203,2
"1764",54,"34",0.960290774206722,2
"1765",55,"34",0.959835542148905,2
"1766",56,"34",0.959269094449428,2
"1767",57,"34",0.958234994092809,2
"1768",58,"34",0.95752063870596,2
"1769",59,"34",0.956856307567769,2
"1770",60,"34",0.955983902903275,2
"1771",61,"34",0.955063639048723,2
"1772",62,"34",0.954014839083729,2
"1773",63,"34",0.952719792190839,2
"1774",64,"34",0.950836305161135,2
"1775",65,"34",0.94993940114935,2
"1776",66,"34",0.949126478621072,2
"1777",67,"34",0.948318455962252,2
"1778",68,"34",0.947472829654101,2
"1779",69,"34",0.946380272715339,2
"1780",70,"34",0.944981872762013,2
"1781",71,"34",0.943375627183291,2
"1782",72,"34",0.942149064512365,2
"1783",73,"34",0.94115450496277,2
"1784",74,"34",0.940055680749119,2
"1785",75,"34",0.939140316764026,2
"1786",76,"34",0.938881307385448,2
"1787",77,"34",0.936765133531698,2
"1788",78,"34",0.935013601126013,2
"1789",79,"34",0.933690750322708,2
"1790",80,"34",0.932461338890469,2
"1791",81,"34",0.931745160296381,2
"1792",82,"34",0.929492017998702,2
"1793",83,"34",0.926826033211543,2
"1794",84,"34",0.92460707604962,2
"1795",85,"34",0.920855257400398,2
"1796",86,"34",0.917914879923571,2
"1797",87,"34",0.914383213548618,2
"1798",88,"34",0.909064576177245,2
"1799",89,"34",0.9032814767614,2
"1800",90,"34",0.898367135595569,2
"1801",1,"38",1,3
"1802",2,"38",0.999903211346512,3
"1803",3,"38",0.999906192006499,3
"1804",4,"38",0.999802034499152,3
"1805",5,"38",0.999717582466168,3
"1806",6,"38",0.999551659060188,3
"1807",7,"38",0.999370087189272,3
"1808",8,"38",0.99921583803491,3
"1809",9,"38",0.999046271600056,3
"1810",10,"38",0.998784304705584,3
"1811",11,"38",0.998591141379161,3
"1812",12,"38",0.998465539679125,3
"1813",13,"38",0.998258963382758,3
"1814",14,"38",0.998127979935522,3
"1815",15,"38",0.998029535359818,3
"1816",16,"38",0.997907079911991,3
"1817",17,"38",0.997778497551967,3
"1818",18,"38",0.997654634570258,3
"1819",19,"38",0.997531102772991,3
"1820",20,"38",0.997401692451859,3
"1821",21,"38",0.997273192887947,3
"1822",22,"38",0.99717764617612,3
"1823",23,"38",0.9970883091726,3
"1824",24,"38",0.996982578539149,3
"1825",25,"38",0.996863352139642,3
"1826",26,"38",0.996760519370067,3
"1827",27,"38",0.996697677121994,3
"1828",28,"38",0.996534734376001,3
"1829",29,"38",0.99642469834479,3
"1830",30,"38",0.99632451505076,3
"1831",31,"38",0.996218701621198,3
"1832",32,"38",0.996069668621814,3
"1833",33,"38",0.995927756087957,3
"1834",34,"38",0.995778723088573,3
"1835",35,"38",0.995606341585953,3
"1836",36,"38",0.995442819267185,3
"1837",37,"38",0.995265718386251,3
"1838",38,"38",0.995065351798191,3
"1839",39,"38",0.994851489444075,3
"1840",40,"38",0.994510369467709,3
"1841",41,"38",0.994223646536117,3
"1842",42,"38",0.993912001975184,3
"1843",43,"38",0.993674211545057,3
"1844",44,"38",0.993419116727778,3
"1845",45,"38",0.99329326663941,3
"1846",46,"38",0.993228934061343,3
"1847",47,"38",0.99317039721103,3
"1848",48,"38",0.993060857956483,3
"1849",49,"38",0.992946019750847,3
"1850",50,"38",0.992861816106195,3
"1851",51,"38",0.992756251064965,3
"1852",52,"38",0.992744162832793,3
"1853",53,"38",0.992736462794491,3
"1854",54,"38",0.992631891306591,3
"1855",55,"38",0.992477145375564,3
"1856",56,"38",0.992354855519959,3
"1857",57,"38",0.992273880923627,3
"1858",58,"38",0.992181977240674,3
"1859",59,"38",0.992113918837622,3
"1860",60,"38",0.991986826807592,3
"1861",61,"38",0.991880764989698,3
"1862",62,"38",0.991848557302609,3
"1863",63,"38",0.991778180608455,3
"1864",64,"38",0.991695964070462,3
"1865",65,"38",0.991597602290869,3
"1866",66,"38",0.991504705054587,3
"1867",67,"38",0.991406260478883,3
"1868",68,"38",0.991218810084103,3
"1869",69,"38",0.991080292190787,3
"1870",70,"38",0.990990706798935,3
"1871",71,"38",0.990845648012868,3
"1872",72,"38",0.990672190160808,3
"1873",73,"38",0.990437214798447,3
"1874",74,"38",0.990211843784935,3
"1875",75,"38",0.990191061961132,3
"1876",76,"38",0.990041946165638,3
"1877",77,"38",0.98988388839018,3
"1878",78,"38",0.98977186525231,3
"1879",79,"38",0.989604285924115,3
"1880",80,"38",0.989437451760916,3
"1881",81,"38",0.989307379070898,3
"1882",82,"38",0.98908995648402,3
"1883",83,"38",0.988872616693253,3
"1884",84,"38",0.988674733988515,3
"1885",85,"38",0.988484137341526,3
"1886",86,"38",0.988294534247866,3
"1887",87,"38",0.988089945058157,3
"1888",88,"38",0.988043579236126,3
"1889",89,"38",0.986898426228086,3
"1890",90,"38",0.986608639840396,3
"1891",1,"39",1,6
"1892",2,"39",0.989780899769089,6
"1893",3,"39",0.982369872955329,6
"1894",4,"39",0.976723033918917,6
"1895",5,"39",0.971788955507532,6
"1896",6,"39",0.966396072520587,6
"1897",7,"39",0.961862220424731,6
"1898",8,"39",0.957721228515897,6
"1899",9,"39",0.954037462726513,6
"1900",10,"39",0.95066061895824,6
"1901",11,"39",0.947001056162521,6
"1902",12,"39",0.94215326668507,6
"1903",13,"39",0.937907570521034,6
"1904",14,"39",0.934563172794993,6
"1905",15,"39",0.931663022771509,6
"1906",16,"39",0.928001706135669,6
"1907",17,"39",0.923126030600301,6
"1908",18,"39",0.917817682707171,6
"1909",19,"39",0.91061904593202,6
"1910",20,"39",0.901820906966849,6
"1911",21,"39",0.894680848451727,6
"1912",22,"39",0.890334657248779,6
"1913",23,"39",0.8868094386063,6
"1914",24,"39",0.882738951070316,6
"1915",25,"39",0.878908213478823,6
"1916",26,"39",0.8731449194584,6
"1917",27,"39",0.867721344269345,6
"1918",28,"39",0.863216079767455,6
"1919",29,"39",0.859283970216989,6
"1920",30,"39",0.855893972647811,6
"1921",31,"39",0.852404006191757,6
"1922",32,"39",0.847048129231359,6
"1923",33,"39",0.840358983011252,6
"1924",34,"39",0.834600950511192,6
"1925",35,"39",0.830306672975814,6
"1926",36,"39",0.825857355973772,6
"1927",37,"39",0.821388045194355,6
"1928",38,"39",0.816623913890659,6
"1929",39,"39",0.811811551983646,6
"1930",40,"39",0.8046813149732,6
"1931",41,"39",0.798147734371794,6
"1932",42,"39",0.793520402597507,6
"1933",43,"39",0.788510207524886,6
"1934",44,"39",0.7826471200016,6
"1935",45,"39",0.776120379376664,6
"1936",46,"39",0.768678484976781,6
"1937",47,"39",0.762526539985625,6
"1938",48,"39",0.755391216838829,6
"1939",49,"39",0.746150934779246,6
"1940",50,"39",0.739264306161556,6
"1941",51,"39",0.732760540842201,6
"1942",52,"39",0.720379832662606,6
"1943",53,"39",0.709218920286914,6
"1944",54,"39",0.700165246816166,6
"1945",55,"39",0.690416000353574,6
"1946",56,"39",0.679709157185115,6
"1947",57,"39",0.665718599158788,6
"1948",58,"39",0.657577273318795,6
"1949",59,"39",0.647728233353339,6
"1950",60,"39",0.631418397151483,6
"1951",61,"39",0.620500917784535,6
"1952",62,"39",0.61421813632038,6
"1953",63,"39",0.608254729142193,6
"1954",64,"39",0.602571059463248,6
"1955",65,"39",0.596780580920955,6
"1956",66,"39",0.591761441263719,6
"1957",67,"39",0.586119337595633,6
"1958",68,"39",0.579077494127266,6
"1959",69,"39",0.572432720062212,6
"1960",70,"39",0.567193298085824,6
"1961",71,"39",0.562355330113049,6
"1962",72,"39",0.557287433700459,6
"1963",73,"39",0.553866568545158,6
"1964",74,"39",0.549407254654429,6
"1965",75,"39",0.54333493400475,6
"1966",76,"39",0.539920207289872,6
"1967",77,"39",0.537222099648285,6
"1968",78,"39",0.534408764710772,6
"1969",79,"39",0.530624153114452,6
"1970",80,"39",0.526803587795658,6
"1971",81,"39",0.52261892526782,6
"1972",82,"39",0.51828536171374,6
"1973",83,"39",0.515308744260997,6
"1974",84,"39",0.512572929056816,6
"1975",85,"39",0.509892535200448,6
"1976",86,"39",0.507645339853877,6
"1977",87,"39",0.499120098411477,6
"1978",88,"39",0.491360758949758,6
"1979",89,"39",0.486944764910009,6
"1980",90,"39",0.483096313533297,6
"1981",1,"4",0.998965999504733,3
"1982",2,"4",0.998843049968834,3
"1983",3,"4",0.998677858849647,3
"1984",4,"4",0.998658880747011,3
"1985",5,"4",0.998549909706065,3
"1986",6,"4",0.998613782245046,3
"1987",7,"4",0.998572356924237,3
"1988",8,"4",0.998418389414137,3
"1989",9,"4",0.998250035277844,3
"1990",10,"4",0.998029032211656,3
"1991",11,"4",1,3
"1992",12,"4",0.999763283881091,3
"1993",13,"4",0.999566156492414,3
"1994",14,"4",0.99927719957485,3
"1995",15,"4",0.999016505745621,3
"1996",16,"4",0.998756015982011,3
"1997",17,"4",0.998194019265223,3
"1998",18,"4",0.996797700262092,3
"1999",19,"4",0.995445357400016,3
"2000",20,"4",0.994406051198636,3
"2001",21,"4",0.994196577839963,3
"2002",22,"4",0.994019142783592,3
"2003",23,"4",0.993762326201138,3
"2004",24,"4",0.993505509618684,3
"2005",25,"4",0.99324869303623,3
"2006",26,"4",0.992991876453776,3
"2007",27,"4",0.99263986325971,3
"2008",28,"4",0.992197653061714,3
"2009",29,"4",0.991796970217337,3
"2010",30,"4",0.991741260303146,3
"2011",31,"4",0.991971956486272,3
"2012",32,"4",0.991929510837364,3
"2013",33,"4",0.991965936550489,3
"2014",34,"4",0.992005219182291,3
"2015",35,"4",0.991987261407753,3
"2016",36,"4",0.992068377491603,3
"2017",37,"4",0.992149595608263,3
"2018",38,"4",0.992273055308211,3
"2019",39,"4",0.992354171392061,3
"2020",40,"4",0.992457326562844,3
"2021",41,"4",0.992526300742319,3
"2022",42,"4",0.992550788616689,3
"2023",43,"4",0.992536504023307,3
"2024",44,"4",0.992642312047146,3
"2025",45,"4",0.992686186155393,3
"2026",46,"4",0.992719040720172,3
"2027",47,"4",0.9927451611195,3
"2028",48,"4",0.992771281518828,3
"2029",49,"4",0.992797503950965,3
"2030",50,"4",0.992862294785236,3
"2031",51,"4",0.992929840505373,3
"2032",52,"4",0.992919739257195,3
"2033",53,"4",0.993001569570714,3
"2034",54,"4",0.992992284585016,3
"2035",55,"4",0.992997692323939,3
"2036",56,"4",0.992962082873293,3
"2037",57,"4",0.992926473422647,3
"2038",58,"4",0.992910862402736,3
"2039",59,"4",0.992874028558371,3
"2040",60,"4",0.99175391237157,3
"2041",61,"4",0.991540561766123,3
"2042",62,"4",0.991265889441941,3
"2043",63,"4",0.991271807344913,3
"2044",64,"4",0.991365575497188,3
"2045",65,"4",0.991362004348842,3
"2046",66,"4",0.991541582094221,3
"2047",67,"4",0.991747892435787,3
"2048",68,"4",0.99172136390522,3
"2049",69,"4",0.991704630524401,3
"2050",70,"4",0.99171360941167,3
"2051",71,"4",0.991734628170504,3
"2052",72,"4",0.99176993152272,3
"2053",73,"4",0.991785236444201,3
"2054",74,"4",0.991791460445604,3
"2055",75,"4",0.991724833020756,3
"2056",76,"4",0.991690856095068,3
"2057",77,"4",0.991633717721538,3
"2058",78,"4",0.991604842436344,3
"2059",79,"4",0.991606168862872,3
"2060",80,"4",0.99170534475407,3
"2061",81,"4",0.991895942042915,3
"2062",82,"4",0.991876759874659,3
"2063",83,"4",0.991789623855026,3
"2064",84,"4",0.991841150424013,3
"2065",85,"4",0.991870127742017,3
"2066",86,"4",0.991767890866523,3
"2067",87,"4",0.991733913940835,3
"2068",88,"4",0.991587904989904,3
"2069",89,"4",0.991481280703586,3
"2070",90,"4",0.991365065333139,3
"2071",1,"40",1,3
"2072",2,"40",0.999718130041534,3
"2073",3,"40",0.999513981578969,3
"2074",4,"40",0.999207240741815,3
"2075",5,"40",0.999002055992638,3
"2076",6,"40",0.998942987655754,3
"2077",7,"40",0.998881846745646,3
"2078",8,"40",0.998608267080076,3
"2079",9,"40",0.998256965918606,3
"2080",10,"40",0.997804108669159,3
"2081",11,"40",0.997436226921897,3
"2082",12,"40",0.997080780613979,3
"2083",13,"40",0.996672483688849,3
"2084",14,"40",0.99626522305033,3
"2085",15,"40",0.995733608018371,3
"2086",16,"40",0.995395778582857,3
"2087",17,"40",0.994874526417018,3
"2088",18,"40",0.994403016008556,3
"2089",19,"40",0.993983319930693,3
"2090",20,"40",0.993591603591355,3
"2091",21,"40",0.993534607827695,3
"2092",22,"40",0.993327350505293,3
"2093",23,"40",0.992707651111314,3
"2094",24,"40",0.992231995556403,3
"2095",25,"40",0.991855823516245,3
"2096",26,"40",0.991645457334008,3
"2097",27,"40",0.991319027051226,3
"2098",28,"40",0.99102161279358,3
"2099",29,"40",0.990439219717633,3
"2100",30,"40",0.989835064622833,3
"2101",31,"40",0.989371844507266,3
"2102",32,"40",0.9890381602182,3
"2103",33,"40",0.988550069223946,3
"2104",34,"40",0.988336594181872,3
"2105",35,"40",0.987928297256742,3
"2106",36,"40",0.98758114124172,3
"2107",37,"40",0.987116884839541,3
"2108",38,"40",0.986646410717691,3
"2109",39,"40",0.986138630277808,3
"2110",40,"40",0.985763494524262,3
"2111",41,"40",0.985308564701591,3
"2112",42,"40",0.984668139575371,3
"2113",43,"40",0.984020460442867,3
"2114",44,"40",0.983568639480033,3
"2115",45,"40",0.983397652189052,3
"2116",46,"40",0.98314894340217,3
"2117",47,"40",0.982732356184144,3
"2118",48,"40",0.982251519196173,3
"2119",49,"40",0.981654618107658,3
"2120",50,"40",0.981359276423236,3
"2121",51,"40",0.981401764174328,3
"2122",52,"40",0.980988285816138,3
"2123",53,"40",0.980477396516419,3
"2124",54,"40",0.97994578148446,3
"2125",55,"40",0.979384114140753,3
"2126",56,"40",0.979046284705239,3
"2127",57,"40",0.978387206420003,3
"2128",58,"40",0.977787196471651,3
"2129",59,"40",0.977248327433408,3
"2130",60,"40",0.977120864180131,3
"2131",61,"40",0.976850393374398,3
"2132",62,"40",0.976436915016208,3
"2133",63,"40",0.976037944670585,3
"2134",64,"40",0.975865921092992,3
"2135",65,"40",0.975688716082339,3
"2136",66,"40",0.975507365925238,3
"2137",67,"40",0.975234822546281,3
"2138",68,"40",0.975073161834808,3
"2139",69,"40",0.974716679240278,3
"2140",70,"40",0.974465897880172,3
"2141",71,"40",0.974194390787827,3
"2142",72,"40",0.973732206958872,3
"2143",73,"40",0.973532203642755,3
"2144",74,"40",0.973307329447949,3
"2145",75,"40",0.97305447551462,3
"2146",76,"40",0.972237881664359,3
"2147",77,"40",0.970953922552084,3
"2148",78,"40",0.969945615678602,3
"2149",79,"40",0.969281355960306,3
"2150",80,"40",0.968330044850485,3
"2151",81,"40",0.967296867098315,3
"2152",82,"40",0.96616316954478,3
"2153",83,"40",0.964847085547532,3
"2154",84,"40",0.963805617502466,3
"2155",85,"40",0.962814927501389,3
"2156",86,"40",0.961897813849763,3
"2157",87,"40",0.960716447112076,3
"2158",88,"40",0.959423161420293,3
"2159",89,"40",0.957863550069224,3
"2160",90,"40",0.956472853435912,3
"2161",1,"42",1,5
"2162",2,"42",0.999532718078804,5
"2163",3,"42",0.999073780477629,5
"2164",4,"42",0.99773034495419,5
"2165",5,"42",0.996553795831178,5
"2166",6,"42",0.996011415029789,5
"2167",7,"42",0.994108910064919,5
"2168",8,"42",0.992206405100048,5
"2169",9,"42",0.990303900135178,5
"2170",10,"42",0.988401395170308,5
"2171",11,"42",0.986498890205437,5
"2172",12,"42",0.983736920278367,5
"2173",13,"42",0.982059711954073,5
"2174",14,"42",0.979114166986532,5
"2175",15,"42",0.977169940421555,5
"2176",16,"42",0.97517564793645,5
"2177",17,"42",0.972822549690426,5
"2178",18,"42",0.970469451444402,5
"2179",19,"42",0.969184426161112,5
"2180",20,"42",0.966697818794746,5
"2181",21,"42",0.963618764706864,5
"2182",22,"42",0.961132157340498,5
"2183",23,"42",0.956934964369754,5
"2184",24,"42",0.944076367216836,5
"2185",25,"42",0.91621468266551,5
"2186",26,"42",0.913310859298076,5
"2187",27,"42",0.909731146008912,5
"2188",28,"42",0.905767593998765,5
"2189",29,"42",0.900952921346439,5
"2190",30,"42",0.890480799719631,5
"2191",31,"42",0.856327497872198,5
"2192",32,"42",0.826730194756429,5
"2193",33,"42",0.825194839872499,5
"2194",34,"42",0.821264665142438,5
"2195",35,"42",0.819921229618998,5
"2196",36,"42",0.818577794095559,5
"2197",37,"42",0.81723435857212,5
"2198",38,"42",0.815899267368702,5
"2199",39,"42",0.813412660002336,5
"2200",40,"42",0.810517180954924,5
"2201",41,"42",0.807838654228067,5
"2202",42,"42",0.806119724303667,5
"2203",43,"42",0.804400794379266,5
"2204",44,"42",0.802423190534203,5
"2205",45,"42",0.800453931009162,5
"2206",46,"42",0.798459638524057,5
"2207",47,"42",0.796465346038951,5
"2208",48,"42",0.794471053553846,5
"2209",49,"42",0.792451728108676,5
"2210",50,"42",0.790490812903657,5
"2211",51,"42",0.788746850019192,5
"2212",52,"42",0.786418784733232,5
"2213",53,"42",0.783139466964837,5
"2214",54,"42",0.779701607116036,5
"2215",55,"42",0.774461374142621,5
"2216",56,"42",0.765975200680897,5
"2217",57,"42",0.753734083209559,5
"2218",58,"42",0.738455633250446,5
"2219",59,"42",0.715475375911617,5
"2220",60,"42",0.703225914120258,5
"2221",61,"42",0.690984796648921,5
"2222",62,"42",0.673586889404382,5
"2223",63,"42",0.659560087448474,5
"2224",64,"42",0.637297441631481,5
"2225",65,"42",0.619732647986516,5
"2226",66,"42",0.60216785434155,5
"2227",67,"42",0.584603060696584,5
"2228",68,"42",0.556707998865173,5
"2229",69,"42",0.522846748218488,5
"2230",70,"42",0.510071594265783,5
"2231",71,"42",0.496370220790708,5
"2232",72,"42",0.495844528629362,5
"2233",73,"42",0.493675005423808,5
"2234",74,"42",0.491839255019108,5
"2235",75,"42",0.487091336926954,5
"2236",76,"42",0.483953872598922,5
"2237",77,"42",0.476986365381085,5
"2238",78,"42",0.467941122477929,5
"2239",79,"42",0.46181639158225,5
"2240",80,"42",0.449783882111447,5
"2241",81,"42",0.433812853590561,5
"2242",82,"42",0.420670549556917,5
"2243",83,"42",0.418959963952537,5
"2244",84,"42",0.417024081707582,5
"2245",85,"42",0.416331503145809,5
"2246",86,"42",0.413995093539827,5
"2247",87,"42",0.410715775771432,5
"2248",88,"42",0.406451828240517,5
"2249",89,"42",0.399601141502979,5
"2250",90,"42",0.395537457652576,5
"2251",1,"43",1,2
"2252",2,"43",0.999480182135828,2
"2253",3,"43",0.999139368296944,2
"2254",4,"43",0.998864567949375,2
"2255",5,"43",0.99859682951018,2
"2256",6,"43",0.998250488960395,2
"2257",7,"43",0.99788910347538,2
"2258",8,"43",0.997513594173619,2
"2259",9,"43",0.997014040916083,2
"2260",10,"43",0.996525541080349,2
"2261",11,"43",0.995902557946029,2
"2262",12,"43",0.995306901326718,2
"2263",13,"43",0.994378720934874,2
"2264",14,"43",0.990250881970948,2
"2265",15,"43",0.989217079992999,2
"2266",16,"43",0.988534531196748,2
"2267",17,"43",0.988033135702245,2
"2268",18,"43",0.987617404226706,2
"2269",19,"43",0.987246807556856,2
"2270",20,"43",0.98663641304181,2
"2271",21,"43",0.986132868270846,2
"2272",22,"43",0.985818152788993,2
"2273",23,"43",0.98525719163256,2
"2274",24,"43",0.984604425667274,2
"2275",25,"43",0.983403594204323,2
"2276",26,"43",0.982813157256418,2
"2277",27,"43",0.98207411319318,2
"2278",28,"43",0.981693691259507,2
"2279",29,"43",0.98114347648538,2
"2280",30,"43",0.980849025610164,2
"2281",31,"43",0.980471674071436,2
"2282",32,"43",0.980197487802856,2
"2283",33,"43",0.979895667979772,2
"2284",34,"43",0.979607357894446,2
"2285",35,"43",0.979274220042924,2
"2286",36,"43",0.978984374760125,2
"2287",37,"43",0.978658298816977,2
"2288",38,"43",0.978200195891197,2
"2289",39,"43",0.977837889287699,2
"2290",40,"43",0.977449484327169,2
"2291",41,"43",0.977012260087015,2
"2292",42,"43",0.976499504131216,2
"2293",43,"43",0.975944990804167,2
"2294",44,"43",0.97488662566666,2
"2295",45,"43",0.974313997009435,2
"2296",46,"43",0.973878922045743,2
"2297",47,"43",0.973223392725006,2
"2298",48,"43",0.972650457028288,2
"2299",49,"43",0.972123270216248,2
"2300",50,"43",0.971334485754903,2
"2301",51,"43",0.970090361723228,2
"2302",52,"43",0.969192271201845,2
"2303",53,"43",0.968574814778425,2
"2304",54,"43",0.967988062304454,2
"2305",55,"43",0.967132036193816,2
"2306",56,"43",0.966088408952044,2
"2307",57,"43",0.965598680958332,2
"2308",58,"43",0.964779806626526,2
"2309",59,"43",0.964221915865038,2
"2310",60,"43",0.963769339650159,2
"2311",61,"43",0.963662182866582,2
"2312",62,"43",0.963252592180932,2
"2313",63,"43",0.96274781925199,2
"2314",64,"43",0.962140188092394,2
"2315",65,"43",0.961573086146071,2
"2316",66,"43",0.960841411030701,2
"2317",67,"43",0.960653809899567,2
"2318",68,"43",0.960547574234474,2
"2319",69,"43",0.960362429419296,2
"2320",70,"43",0.9599777089327,2
"2321",71,"43",0.959735147732053,2
"2322",72,"43",0.959591760288126,2
"2323",73,"43",0.958985664326002,2
"2324",74,"43",0.958664193975271,2
"2325",75,"43",0.958469837975259,2
"2326",76,"43",0.958242321709842,2
"2327",77,"43",0.958063010645059,2
"2328",78,"43",0.957861285697179,2
"2329",79,"43",0.957584643112644,2
"2330",80,"43",0.957391822310104,2
"2331",81,"43",0.957187026967279,2
"2332",82,"43",0.957154173741368,2
"2333",83,"43",0.956575711333749,2
"2334",84,"43",0.956267750720775,2
"2335",85,"43",0.95601505721681,2
"2336",86,"43",0.955596869425314,2
"2337",87,"43",0.955299962234142,2
"2338",88,"43",0.954844929703308,2
"2339",89,"43",0.954712595681182,2
"2340",90,"43",0.954146721892837,2
"2341",1,"44",1,1
"2342",2,"44",0.990098391162154,1
"2343",3,"44",0.988855482338891,1
"2344",4,"44",0.988031505539855,1
"2345",5,"44",0.987617202598767,1
"2346",6,"44",0.987216786907101,1
"2347",7,"44",0.986844145714279,1
"2348",8,"44",0.986476133604598,1
"2349",9,"44",0.986117379661197,1
"2350",10,"44",0.985381355441834,1
"2351",11,"44",0.984518031436104,1
"2352",12,"44",0.983967170542366,1
"2353",13,"44",0.983328357068957,1
"2354",14,"44",0.98277749617522,1
"2355",15,"44",0.98227524065446,1
"2356",16,"44",0.981694290720308,1
"2357",17,"44",0.98062960159796,1
"2358",18,"44",0.979699155886689,1
"2359",19,"44",0.979044140622288,1
"2360",20,"44",0.97863446676434,1
"2361",21,"44",0.978090549495314,1
"2362",22,"44",0.97713001474363,1
"2363",23,"44",0.976400934148978,1
"2364",24,"44",0.975639449972341,1
"2365",25,"44",0.974116481619068,1
"2366",26,"44",0.973375828316564,1
"2367",27,"44",0.97255879514224,1
"2368",28,"44",0.971739447426346,1
"2369",29,"44",0.970954817834006,1
"2370",30,"44",0.970082235661994,1
"2371",31,"44",0.968378733066235,1
"2372",32,"44",0.966675230470477,1
"2373",33,"44",0.965244843780017,1
"2374",34,"44",0.964450956021396,1
"2375",35,"44",0.96355522843368,1
"2376",36,"44",0.962872438670435,1
"2377",37,"44",0.962115583576939,1
"2378",38,"44",0.961069410787152,1
"2379",39,"44",0.960222288572414,1
"2380",40,"44",0.959717718510083,1
"2381",41,"44",0.958928459834603,1
"2382",42,"44",0.958055877662591,1
"2383",43,"44",0.956759734383209,1
"2384",44,"44",0.955324718609609,1
"2385",45,"44",0.952139909408843,1
"2386",46,"44",0.950244299862748,1
"2387",47,"44",0.948966672915929,1
"2388",48,"44",0.948413497480622,1
"2389",49,"44",0.947952903708127,1
"2390",50,"44",0.947360381066124,1
"2391",51,"44",0.946786374756684,1
"2392",52,"44",0.945987857914922,1
"2393",53,"44",0.945237946446137,1
"2394",54,"44",0.94475883634108,1
"2395",55,"44",0.944275097152882,1
"2396",56,"44",0.943779785256833,1
"2397",57,"44",0.943215037113674,1
"2398",58,"44",0.942847025003993,1
"2399",59,"44",0.94183094125462,1
"2400",60,"44",0.940990762664593,1
"2401",61,"44",0.940423699979864,1
"2402",62,"44",0.939819604630009,1
"2403",63,"44",0.939284945527264,1
"2404",64,"44",0.93868085017741,1
"2405",65,"44",0.937981858623172,1
"2406",66,"44",0.936840789629002,1
"2407",67,"44",0.935963578373849,1
"2408",68,"44",0.935088681660267,1
"2409",69,"44",0.934431351854295,1
"2410",70,"44",0.933706900342784,1
"2411",71,"44",0.933010223330116,1
"2412",72,"44",0.932720905633826,1
"2413",73,"44",0.931531231266679,1
"2414",74,"44",0.930890103251699,1
"2415",75,"44",0.930399420438791,1
"2416",76,"44",0.929695799801412,1
"2417",77,"44",0.929112535325691,1
"2418",78,"44",0.92839039835575,1
"2419",79,"44",0.927529388891589,1
"2420",80,"44",0.925883749835089,1
"2421",81,"44",0.924351523315534,1
"2422",82,"44",0.923421077604264,1
"2423",83,"44",0.922020779954218,1
"2424",84,"44",0.920861194627486,1
"2425",85,"44",0.919796505505137,1
"2426",86,"44",0.918646178344686,1
"2427",87,"44",0.916523743724699,1
"2428",88,"44",0.914024038828749,1
"2429",89,"44",0.912461723268781,1
"2430",90,"44",0.911702553633715,1
"2431",1,"5",1,6
"2432",2,"5",0.997688535960001,6
"2433",3,"5",0.993643171816813,6
"2434",4,"5",0.988041526605398,6
"2435",5,"5",0.981440623285735,6
"2436",6,"5",0.971907193450087,6
"2437",7,"5",0.964442360810716,6
"2438",8,"5",0.957877706273698,6
"2439",9,"5",0.950109592152864,6
"2440",10,"5",0.944936890869415,6
"2441",11,"5",0.937823671421701,6
"2442",12,"5",0.931385887623941,6
"2443",13,"5",0.925479752638307,6
"2444",14,"5",0.919656989852757,6
"2445",15,"5",0.913023462628713,6
"2446",16,"5",0.905849828543258,6
"2447",17,"5",0.895178186932555,6
"2448",18,"5",0.884558501910311,6
"2449",19,"5",0.873741865169028,6
"2450",20,"5",0.861222743936183,6
"2451",21,"5",0.857625656405039,6
"2452",22,"5",0.853281843951407,6
"2453",23,"5",0.848637166601822,6
"2454",24,"5",0.84378345460565,6
"2455",25,"5",0.839063863105264,6
"2456",26,"5",0.83631137220975,6
"2457",27,"5",0.831689652422506,6
"2458",28,"5",0.826518159431812,6
"2459",29,"5",0.821674113777679,6
"2460",30,"5",0.8191052833809,6
"2461",31,"5",0.815574651951272,6
"2462",32,"5",0.813566469392736,6
"2463",33,"5",0.811749197089464,6
"2464",34,"5",0.809118743762189,6
"2465",35,"5",0.805475741106361,6
"2466",36,"5",0.802867037048672,6
"2467",37,"5",0.800503616420215,6
"2468",38,"5",0.797370513306928,6
"2469",39,"5",0.793705761381514,6
"2470",40,"5",0.789684563093423,6
"2471",41,"5",0.786314634600188,6
"2472",42,"5",0.783089701237533,6
"2473",43,"5",0.781654249444789,6
"2474",44,"5",0.780416957663838,6
"2475",45,"5",0.779846643483556,6
"2476",46,"5",0.779323452720713,6
"2477",47,"5",0.778690307317179,6
"2478",48,"5",0.777721256527802,6
"2479",49,"5",0.776318428639438,6
"2480",50,"5",0.774994139780139,6
"2481",51,"5",0.773625144088911,6
"2482",52,"5",0.772306896693386,6
"2483",53,"5",0.771490090791118,6
"2484",54,"5",0.770432834630637,6
"2485",55,"5",0.769289789684563,6
"2486",56,"5",0.767255024685421,6
"2487",57,"5",0.765560998243142,6
"2488",58,"5",0.764706735265474,6
"2489",59,"5",0.764195627430179,6
"2490",60,"5",0.763407820554026,6
"2491",61,"5",0.762766217101209,6
"2492",62,"5",0.762003784372908,6
"2493",63,"5",0.760947736505182,6
"2494",64,"5",0.760213094510243,6
"2495",65,"5",0.759746693506876,6
"2496",66,"5",0.758980635900311,6
"2497",67,"5",0.757761468510682,6
"2498",68,"5",0.757351857266793,6
"2499",69,"5",0.756595466002267,6
"2500",70,"5",0.755468128862006,6
"2501",71,"5",0.754630781982905,6
"2502",72,"5",0.753577150700689,6
"2503",73,"5",0.751374433008625,6
"2504",74,"5",0.750306302213351,6
"2505",75,"5",0.749350542644276,6
"2506",76,"5",0.748057669396603,6
"2507",77,"5",0.746253688313634,6
"2508",78,"5",0.745190390689379,6
"2509",79,"5",0.744529454552485,6
"2510",80,"5",0.743757355482145,6
"2511",81,"5",0.742800387620316,6
"2512",82,"5",0.742145492947195,6
"2513",83,"5",0.741182483621592,6
"2514",84,"5",0.739807446466589,6
"2515",85,"5",0.738387702479658,6
"2516",86,"5",0.737464566814964,6
"2517",87,"5",0.736445976022639,6
"2518",88,"5",0.735908285746737,6
"2519",89,"5",0.735047981305294,6
"2520",90,"5",0.732490025543309,6
"2521",1,"6",1,2
"2522",2,"6",0.999405208394669,2
"2523",3,"6",0.998763410900872,2
"2524",4,"6",0.998188175451861,2
"2525",5,"6",0.99763086055337,2
"2526",6,"6",0.99720666974445,2
"2527",7,"6",0.99673241517535,2
"2528",8,"6",0.996241662321644,2
"2529",9,"6",0.995459771635296,2
"2530",10,"6",0.994830205628361,2
"2531",11,"6",0.994212373315219,2
"2532",12,"6",0.993537579252212,2
"2533",13,"6",0.993027696921961,2
"2534",14,"6",0.992548819988639,2
"2535",15,"6",0.991855963148521,2
"2536",16,"6",0.991224761535786,2
"2537",17,"6",0.990522873307112,2
"2538",18,"6",0.989787135149681,2
"2539",19,"6",0.988888831998252,2
"2540",20,"6",0.988334077178406,2
"2541",21,"6",0.987739001119892,2
"2542",22,"6",0.987101897103612,2
"2543",23,"6",0.986246901949272,2
"2544",24,"6",0.985586259432112,2
"2545",25,"6",0.984764403073573,2
"2546",26,"6",0.984104258349483,2
"2547",27,"6",0.983541681067109,2
"2548",28,"6",0.982697495133717,2
"2549",29,"6",0.981911337649626,2
"2550",30,"6",0.981244437162443,2
"2551",31,"6",0.980719336586909,2
"2552",32,"6",0.98027871860668,2
"2553",33,"6",0.979815131031936,2
"2554",34,"6",0.979312644484439,2
"2555",35,"6",0.978892862699853,2
"2556",36,"6",0.978431052957502,2
"2557",37,"6",0.97782367429883,2
"2558",38,"6",0.977300067102506,2
"2559",39,"6",0.976631815462704,2
"2560",40,"6",0.976101808069766,2
"2561",41,"6",0.975616957619605,2
"2562",42,"6",0.975101955132062,2
"2563",43,"6",0.974424316537226,2
"2564",44,"6",0.973774625467606,2
"2565",45,"6",0.973095564606856,2
"2566",46,"6",0.972459953969786,2
"2567",47,"6",0.971836077026508,2
"2568",48,"6",0.971132055398964,2
"2569",49,"6",0.970623381994739,2
"2570",50,"6",0.970163776764556,2
"2571",51,"6",0.969655245586922,2
"2572",52,"6",0.969122535888747,2
"2573",53,"6",0.968585132713055,2
"2574",54,"6",0.968094024292871,2
"2575",55,"6",0.967664144420294,2
"2576",56,"6",0.96721349946537,2
"2577",57,"6",0.966767476874667,2
"2578",58,"6",0.966360922163084,2
"2579",59,"6",0.965863769112765,2
"2580",60,"6",0.965380483155109,2
"2581",61,"6",0.964877712154429,2
"2582",62,"6",0.964490855825758,2
"2583",63,"6",0.964088496798622,2
"2584",64,"6",0.963761588978236,2
"2585",65,"6",0.963357807685185,2
"2586",66,"6",0.962970809129923,2
"2587",67,"6",0.962564396644932,2
"2588",68,"6",0.962203781122378,2
"2589",69,"6",0.961844587865739,2
"2590",70,"6",0.961464131733682,2
"2591",71,"6",0.960971245481106,2
"2592",72,"6",0.960531836426904,2
"2593",73,"6",0.96011418804119,2
"2594",74,"6",0.959659347401819,2
"2595",75,"6",0.959282589161139,2
"2596",76,"6",0.9588869147838,2
"2597",77,"6",0.958427167327025,2
"2598",78,"6",0.957967348756954,2
"2599",79,"6",0.9575487047851,2
"2600",80,"6",0.957057311911733,2
"2601",81,"6",0.956472902847575,2
"2602",82,"6",0.955985563432064,2
"2603",83,"6",0.955600982728856,2
"2604",84,"6",0.955133341696257,2
"2605",85,"6",0.954905636923388,2
"2606",86,"6",0.954335094951895,2
"2607",87,"6",0.953795487264035,2
"2608",88,"6",0.953363473992588,2
"2609",89,"6",0.952895050713736,2
"2610",90,"6",0.952483446958157,2
"2611",1,"8",0.998974759113756,1
"2612",2,"8",1,1
"2613",3,"8",0.997790741984068,1
"2614",4,"8",0.994254568219347,1
"2615",5,"8",0.991278647770782,1
"2616",6,"8",0.990625396940609,1
"2617",7,"8",0.99013092235388,1
"2618",8,"8",0.989529840860839,1
"2619",9,"8",0.9889242229037,1
"2620",10,"8",0.988379847211889,1
"2621",11,"8",0.987742474006061,1
"2622",12,"8",0.987034785606707,1
"2623",13,"8",0.986295341958664,1
"2624",14,"8",0.985227004663485,1
"2625",15,"8",0.984226714329783,1
"2626",16,"8",0.983446442504854,1
"2627",17,"8",0.982820410459272,1
"2628",18,"8",0.982096844435573,1
"2629",19,"8",0.981631856865485,1
"2630",20,"8",0.980710954653505,1
"2631",21,"8",0.979835417082509,1
"2632",22,"8",0.978630985864378,1
"2633",23,"8",0.977694206028053,1
"2634",24,"8",0.976882178954436,1
"2635",25,"8",0.975940862654013,1
"2636",26,"8",0.974609410441126,1
"2637",27,"8",0.973346005189715,1
"2638",28,"8",0.972343446623963,1
"2639",29,"8",0.971472445517066,1
"2640",30,"8",0.970880436952222,1
"2641",31,"8",0.970222649657951,1
"2642",32,"8",0.969272260429331,1
"2643",33,"8",0.968537353245386,1
"2644",34,"8",0.967219510424794,1
"2645",35,"8",0.965858571195268,1
"2646",36,"8",0.964717650474514,1
"2647",37,"8",0.963592607378105,1
"2648",38,"8",0.962508392458582,1
"2649",39,"8",0.961022700466349,1
"2650",40,"8",0.959575568418952,1
"2651",41,"8",0.958039975321635,1
"2652",42,"8",0.956028053493985,1
"2653",43,"8",0.953088424758206,1
"2654",44,"8",0.950064871436607,1
"2655",45,"8",0.947787566459199,1
"2656",46,"8",0.945775644631548,1
"2657",47,"8",0.944029105953656,1
"2658",48,"8",0.942738481917654,1
"2659",49,"8",0.94157034241231,1
"2660",50,"8",0.939685441579415,1
"2661",51,"8",0.938043241575786,1
"2662",52,"8",0.937471647099385,1
"2663",53,"8",0.936972636048558,1
"2664",54,"8",0.936317116986336,1
"2665",55,"8",0.935650256763868,1
"2666",56,"8",0.935162586873287,1
"2667",57,"8",0.934452630241884,1
"2668",58,"8",0.933812988804007,1
"2669",59,"8",0.93325727195195,1
"2670",60,"8",0.932529169464153,1
"2671",61,"8",0.931433613384384,1
"2672",62,"8",0.929033823876318,1
"2673",63,"8",0.92439528933568,1
"2674",64,"8",0.922601117784754,1
"2675",65,"8",0.921648460324085,1
"2676",66,"8",0.920738899272351,1
"2677",67,"8",0.920031210872997,1
"2678",68,"8",0.919421056451759,1
"2679",69,"8",0.918704295124208,1
"2680",70,"8",0.917985265564608,1
"2681",71,"8",0.917379647607469,1
"2682",72,"8",0.916762688490083,1
"2683",73,"8",0.916154802300895,1
"2684",74,"8",0.915404017492606,1
"2685",75,"8",0.914680451468907,1
"2686",76,"8",0.914090711136112,1
"2687",77,"8",0.913489629643071,1
"2688",78,"8",0.912847719973144,1
"2689",79,"8",0.912192200910922,1
"2690",80,"8",0.911586582953782,1
"2691",81,"8",0.910944673283856,1
"2692",82,"8",0.91044339400098,1
"2693",83,"8",0.90998294289499,1
"2694",84,"8",0.909313814440473,1
"2695",85,"8",0.908715001179481,1
"2696",86,"8",0.907955143442995,1
"2697",87,"8",0.907059191783556,1
"2698",88,"8",0.906290261118873,1
"2699",89,"8",0.905020051171315,1
"2700",90,"8",0.903520749786786,1
"2701",1,"9",1,3
"2702",2,"9",0.999778272989437,3
"2703",3,"9",0.999586139701119,3
"2704",4,"9",0.999434669542604,3
"2705",5,"9",0.99937503028556,3
"2706",6,"9",0.999410836430414,3
"2707",7,"9",0.999431958667284,3
"2708",8,"9",0.999496229003,3
"2709",9,"9",0.999549429931158,3
"2710",10,"9",0.999440769012075,3
"2711",11,"9",0.999349502876295,3
"2712",12,"9",0.999287265697069,3
"2713",13,"9",0.999105411144341,3
"2714",14,"9",0.999158612072499,3
"2715",15,"9",0.999085870251408,3
"2716",16,"9",0.999030975026174,3
"2717",17,"9",0.998895318307027,3
"2718",18,"9",0.998825739173809,3
"2719",19,"9",0.9988984809949,3
"2720",20,"9",0.998838164019026,3
"2721",21,"9",0.998777169324322,3
"2722",22,"9",0.998722725911642,3
"2723",23,"9",0.998654954028637,3
"2724",24,"9",0.998525509732099,3
"2725",25,"9",0.998446781394675,3
"2726",26,"9",0.998297570298927,3
"2727",27,"9",0.998264926841947,3
"2728",28,"9",0.998294746470469,3
"2729",29,"9",0.998179195409946,3
"2730",30,"9",0.998051558363621,3
"2731",31,"9",0.99791680526958,3
"2732",32,"9",0.997765335111065,3
"2733",33,"9",0.997611267030368,3
"2734",34,"9",0.997404788693481,3
"2735",35,"9",0.997270035599441,3
"2736",36,"9",0.997263145458002,3
"2737",37,"9",0.997153129101258,3
"2738",38,"9",0.997020973929399,3
"2739",39,"9",0.9968397970955,3
"2740",40,"9",0.996567128219546,3
"2741",41,"9",0.99625639413597,3
"2742",42,"9",0.996177101032855,3
"2743",43,"9",0.996373639493568,3
"2744",44,"9",0.996544198732462,3
"2745",45,"9",0.996548716857996,3
"2746",46,"9",0.996679742498471,3
"2747",47,"9",0.996824548421824,3
"2748",48,"9",0.996718937237476,3
"2749",49,"9",0.996638853462392,3
"2750",50,"9",0.996552896124115,3
"2751",51,"9",0.996446607220936,3
"2752",52,"9",0.996329700722753,3
"2753",53,"9",0.996215843959306,3
"2754",54,"9",0.99622510611665,3
"2755",55,"9",0.996144118716459,3
"2756",56,"9",0.996049012173976,3
"2757",57,"9",0.996118930166609,3
"2758",58,"9",0.99620533931744,3
"2759",59,"9",0.995989598823209,3
"2760",60,"9",0.995675927958036,3
"2761",61,"9",0.995562974819696,3
"2762",62,"9",0.995335261292801,3
"2763",63,"9",0.995139626457194,3
"2764",64,"9",0.994952350153825,3
"2765",65,"9",0.994785970181049,3
"2766",66,"9",0.994556562357079,3
"2767",67,"9",0.994350309926469,3
"2768",68,"9",0.994216234551258,3
"2769",69,"9",0.993980388398402,3
"2770",70,"9",0.99371845007059,3
"2771",71,"9",0.993446571866604,3
"2772",72,"9",0.993212194104547,3
"2773",73,"9",0.992926083805129,3
"2774",74,"9",0.992630146582676,3
"2775",75,"9",0.992055441014798,3
"2776",76,"9",0.990544240976936,3
"2777",77,"9",0.989608537178921,3
"2778",78,"9",0.989089517508245,3
"2779",79,"9",0.988619858359024,3
"2780",80,"9",0.987846355267666,3
"2781",81,"9",0.986641710047261,3
"2782",82,"9",0.98274222885232,3
"2783",83,"9",0.972453440433993,3
"2784",84,"9",0.968514877453187,3
"2785",85,"9",0.965979644263127,3
"2786",86,"9",0.960152504809262,3
"2787",87,"9",0.95341157446622,3
"2788",88,"9",0.945573304384197,3
"2789",89,"9",0.935570513312149,3
"2790",90,"9",0.926509186648171,3
