"subscriptions.date","subscriptions.daily","subscriptions.total","views.date","views.daily","views.total"
2015-09-22,1967,4593056,2015-09-22,1121175,299895778
2015-09-23,1636,4595023,2015-09-23,270164,301016953
2015-09-24,1172,4596659,2015-09-24,252991,301287117
2015-09-25,1916,4597831,2015-09-25,221613,301540108
2015-09-26,2670,4599747,2015-09-26,219832,301761721
2015-09-27,1643,4602417,2015-09-27,270600,301981553
2015-09-28,1727,4604060,2015-09-28,295885,302252153
2015-09-29,1717,4605787,2015-09-29,209209,302548038
2015-09-30,1653,4607504,2015-09-30,201571,302757247
2015-10-01,1690,4609157,2015-10-01,190062,302958818
2015-10-02,1889,4610847,2015-10-02,190052,303148880
2015-10-03,2667,4612736,2015-10-03,200363,303338932
2015-10-04,1049,4615403,2015-10-04,265904,303539295
2015-10-05,1204,4616452,2015-10-05,297439,303805199
2015-10-06,1496,4617656,2015-10-06,612490,304102638
2015-10-07,1448,4619152,2015-10-07,327996,304715128
2015-10-08,1584,4620600,2015-10-08,245159,305043124
2015-10-09,1902,4622184,2015-10-09,218756,305288283
2015-10-10,924,4624086,2015-10-10,228029,305507039
2015-10-11,755,4625010,2015-10-11,287071,305735068
2015-10-12,1471,4625765,2015-10-12,569898,306022139
2015-10-13,1421,4627236,2015-10-13,370553,306592037
2015-10-14,1413,4628657,2015-10-14,260187,306962590
2015-10-15,1378,4630070,2015-10-15,227105,307222777
2015-10-16,2082,4631448,2015-10-16,215263,307449882
2015-10-17,1360,4633530,2015-10-17,235093,307665145
2015-10-18,1334,4634890,2015-10-18,305919,307900238
2015-10-19,1397,4636224,2015-10-19,0,308206157
2015-10-20,1484,4637621,2015-10-20,958960,308206157
2015-10-21,1400,4639105,2015-10-21,246468,309165117
2015-10-22,1944,4640505,2015-10-22,240902,309411585
2015-10-23,2397,4642449,2015-10-23,211653,309652487
2015-10-24,2088,4644846,2015-10-24,250996,309864140
2015-10-25,2506,4646934,2015-10-25,311705,310115136
2015-10-26,2547,4649440,2015-10-26,0,310426841
2015-10-27,2426,4651987,2015-10-27,1109789,310426841
2015-10-28,2018,4654413,2015-10-28,346276,311536630
2015-10-29,2039,4656431,2015-10-29,339511,311882906
2015-10-30,1543,4658470,2015-10-30,294329,312222417
2015-10-31,453,4660013,2015-10-31,289054,312516746
2015-11-01,877,4660466,2015-11-01,265619,312805800
2015-11-02,-358,4661343,2015-11-02,0,313071419
2015-11-03,1339,4660985,2015-11-03,1051884,313071419
2015-11-04,1127,4662324,2015-11-04,266547,314123303
2015-11-05,1346,4663451,2015-11-05,226207,314389850
2015-11-06,1927,4664797,2015-11-06,212312,314616057
2015-11-07,2283,4666724,2015-11-07,231466,314828369
2015-11-08,1568,4669007,2015-11-08,305923,315059835
2015-11-09,4242,4670575,2015-11-09,0,315365758
2015-11-10,6040,4674817,2015-11-10,0,315365758
2015-11-11,12082,4680857,2015-11-11,1660372,315365758
2015-11-12,7484,4692939,2015-11-12,312086,317026130
2015-11-13,5416,4700423,2015-11-13,265919,317338216
2015-11-14,4359,4705839,2015-11-14,295036,317604135
2015-11-15,2692,4710198,2015-11-15,394235,317899171
2015-11-16,2645,4712890,2015-11-16,350051,318293406
2015-11-17,2139,4715535,2015-11-17,244446,318643457
2015-11-18,1873,4717674,2015-11-18,266919,318887903
2015-11-19,1820,4719547,2015-11-19,247111,319154822
2015-11-20,2481,4721367,2015-11-20,220015,319401933
2015-11-21,3297,4723848,2015-11-21,243596,319621948
2015-11-22,2327,4727145,2015-11-22,321681,319865544
2015-11-23,1980,4729472,2015-11-23,931770,320187225
2015-11-24,1760,4731452,2015-11-24,418739,321118995
2015-11-25,1393,4733212,2015-11-25,306609,321537734
2015-11-26,1571,4734605,2015-11-26,288475,321844343
2015-11-27,1938,4736176,2015-11-27,242860,322132818
2015-11-28,2338,4738114,2015-11-28,252070,322375678
2015-11-29,2575,4740452,2015-11-29,312299,322627748
2015-11-30,2189,4743027,2015-11-30,866908,322940047
2015-12-01,2133,4745216,2015-12-01,421407,323806955
2015-12-02,1565,4747349,2015-12-02,300665,324228362
2015-12-03,1398,4748914,2015-12-03,243175,324529027
2015-12-04,1612,4750312,2015-12-04,206213,324772202
2015-12-05,2127,4751924,2015-12-05,0,324978415
2015-12-06,1795,4754051,2015-12-06,284537,324978415
2015-12-07,1516,4755846,2015-12-07,0,325262952
2015-12-08,2104,4757362,2015-12-08,0,325262952
2015-12-09,2734,4759466,2015-12-09,741286,325262952
2015-12-10,1970,4762200,2015-12-10,413843,326004238
2015-12-11,2233,4764170,2015-12-11,209030,326418081
2015-12-12,3676,4766403,2015-12-12,212473,326627111
2015-12-13,4838,4770079,2015-12-13,268467,326839584
2015-12-14,4381,4774917,2015-12-14,0,327108051
2015-12-15,2070,4779298,2015-12-15,1012348,327108051
2015-12-16,2175,4781368,2015-12-16,1014774,328120399
2015-12-17,2106,4783543,2015-12-17,322886,329135173
2015-12-18,2695,4785649,2015-12-18,308213,329458059
2015-12-19,2961,4788344,2015-12-19,326902,329766272
2015-12-20,3185,4791305,2015-12-20,411068,330093174
2015-12-21,2866,4794490,2015-12-21,0,330504242
2015-12-22,2714,4797356,2015-12-22,921104,330504242
2015-12-23,1519,4800070,2015-12-23,437604,331425346
2015-12-24,4080,4801589,2015-12-24,421784,331862950
2015-12-25,3352,4805669,2015-12-25,585339,332284734
2015-12-26,3366,4809021,2015-12-26,327316,332870073
2015-12-27,3454,4812387,2015-12-27,385975,333197389
2015-12-28,3685,4815841,2015-12-28,0,333583364
2015-12-29,3845,4819526,2015-12-29,897276,333583364
2015-12-30,2780,4823371,2015-12-30,455713,334480640
2015-12-31,3404,4826151,2015-12-31,484862,334936353
2016-01-01,3603,4829555,2016-01-01,379431,335421215
2016-01-02,3808,4833158,2016-01-02,474498,335800646
2016-01-03,3095,4836966,2016-01-03,476513,336275144
2016-01-04,2550,4840061,2016-01-04,500445,336751657
2016-01-05,2567,4842611,2016-01-05,418759,337252102
2016-01-06,2272,4845178,2016-01-06,336032,337670861
2016-01-07,2075,4847450,2016-01-07,301106,338006893
2016-01-08,2827,4849525,2016-01-08,297576,338307999
2016-01-09,3218,4852352,2016-01-09,302841,338605575
2016-01-10,1973,4855570,2016-01-10,399548,338908416
2016-01-11,1693,4857543,2016-01-11,0,339307964
2016-01-12,1510,4859236,2016-01-12,672973,339307964
2016-01-13,1174,4860746,2016-01-13,248627,339980937
2016-01-14,1521,4861920,2016-01-14,224103,340229564
2016-01-15,1844,4863441,2016-01-15,201088,340453667
2016-01-16,-604,4865285,2016-01-16,219452,340654755
2016-01-17,1181,4864681,2016-01-17,289440,340874207
2016-01-18,1885,4865862,2016-01-18,807032,341163647
2016-01-19,1787,4867747,2016-01-19,433632,341970679
2016-01-20,1580,4869534,2016-01-20,301225,342404311
2016-01-21,1386,4871114,2016-01-21,291807,342705536
2016-01-22,1858,4872500,2016-01-22,282428,342997343
2016-01-23,3148,4874358,2016-01-23,255879,343279771
2016-01-24,2437,4877506,2016-01-24,319555,343535650
2016-01-25,2035,4879943,2016-01-25,-1030,343855205
2016-01-26,1842,4881978,2016-01-26,1110656,343854175
2016-01-27,1819,4883820,2016-01-27,294417,344964831
2016-01-28,1709,4885639,2016-01-28,267544,345259248
2016-01-29,2326,4887348,2016-01-29,249518,345526792
2016-01-30,2969,4889674,2016-01-30,259961,345776310
2016-01-31,1984,4892643,2016-01-31,322663,346036271
2016-02-01,1747,4894627,2016-02-01,0,346358934
2016-02-02,1956,4896374,2016-02-02,491682,346358934
2016-02-03,1511,4898330,2016-02-03,225308,346850616
2016-02-04,1592,4899841,2016-02-04,217441,347075924
2016-02-05,2011,4901433,2016-02-05,215783,347293365
2016-02-06,808,4903444,2016-02-06,235785,347509148
2016-02-07,1231,4904252,2016-02-07,311045,347744933
2016-02-08,1482,4905483,2016-02-08,0,348055978
2016-02-09,1450,4906965,2016-02-09,1154417,348055978
2016-02-10,1467,4908415,2016-02-10,305025,349210395
2016-02-11,1320,4909882,2016-02-11,197849,349515420
2016-02-12,1809,4911202,2016-02-12,294407,349713269
2016-02-13,1840,4913011,2016-02-13,258199,350007676
2016-02-14,2176,4914851,2016-02-14,313706,350265875
2016-02-15,1994,4917027,2016-02-15,0,350579581
2016-02-16,951,4919021,2016-02-16,659638,350579581
2016-02-17,1803,4919972,2016-02-17,275676,351239219
2016-02-18,2138,4921775,2016-02-18,265023,351514895
2016-02-19,3088,4923913,2016-02-19,241165,351779918
2016-02-20,4939,4927001,2016-02-20,263880,352021083
2016-02-21,4819,4931940,2016-02-21,310721,352284963
2016-02-22,4731,4936759,2016-02-22,0,352595684
2016-02-23,3526,4941490,2016-02-23,2099612,352595684
2016-02-24,2931,4945016,2016-02-24,596635,354695296
2016-02-25,2316,4947947,2016-02-25,494740,355291931
2016-02-26,3328,4950263,2016-02-26,430547,355786671
2016-02-27,3499,4953591,2016-02-27,374510,356217218
2016-02-28,2187,4957090,2016-02-28,482441,356591728
2016-02-29,1811,4959277,2016-02-29,0,357074169
2016-03-01,2079,4961088,2016-03-01,681533,357074169
2016-03-02,1625,4963167,2016-03-02,272789,357755702
2016-03-03,1620,4964792,2016-03-03,0,358028491
2016-03-04,2657,4966412,2016-03-04,501266,358028491
2016-03-05,1404,4969069,2016-03-05,256432,358529757
2016-03-06,1745,4970473,2016-03-06,344386,358786189
2016-03-07,2024,4972218,2016-03-07,0,359130575
2016-03-08,1622,4974242,2016-03-08,1259615,359130575
2016-03-09,1584,4975864,2016-03-09,369778,360390190
2016-03-10,1733,4977448,2016-03-10,284919,360759968
2016-03-11,1944,4979181,2016-03-11,254940,361044887
2016-03-12,1207,4981125,2016-03-12,261369,361299827
2016-03-13,1617,4982332,2016-03-13,342808,361561196
2016-03-14,1817,4983949,2016-03-14,0,361904004
2016-03-15,1629,4985766,2016-03-15,1246337,361904004
2016-03-16,1258,4987395,2016-03-16,306076,363150341
2016-03-17,1662,4988653,2016-03-17,278272,363456417
2016-03-18,2760,4990315,2016-03-18,242453,363734689
2016-03-19,2376,4993075,2016-03-19,274323,363977142
2016-03-20,1929,4995451,2016-03-20,374552,364251465
2016-03-21,1175,4997380,2016-03-21,312887,364626017
2016-03-22,2283,4998555,2016-03-22,236004,364938904
2016-03-23,2227,5000838,2016-03-23,549439,365174908
2016-03-24,2186,5003065,2016-03-24,363247,365724347
2016-03-25,2529,5005251,2016-03-25,285738,366087594
2016-03-26,4095,5007780,2016-03-26,276332,366373332
2016-03-27,4441,5011875,2016-03-27,282077,366649664
2016-03-28,2893,5016316,2016-03-28,0,366931741
2016-03-29,2801,5019209,2016-03-29,1216411,366931741
2016-03-30,2587,5022010,2016-03-30,1239294,368148152
2016-03-31,3218,5024597,2016-03-31,331803,369387446
2016-04-01,3257,5027815,2016-04-01,367666,369719249
2016-04-02,3517,5031072,2016-04-02,392026,370086915
2016-04-03,2992,5034589,2016-04-03,388274,370478941
2016-04-04,2324,5037581,2016-04-04,402521,370867215
2016-04-05,2607,5039905,2016-04-05,360670,371269736
2016-04-06,1978,5042512,2016-04-06,317889,371630406
2016-04-07,2746,5044490,2016-04-07,324207,371948295
2016-04-08,2132,5047236,2016-04-08,310356,372272502
2016-04-09,1585,5049368,2016-04-09,322422,372582858
2016-04-10,2317,5050953,2016-04-10,322634,372905280
2016-04-11,1891,5053270,2016-04-11,0,373227914
2016-04-12,1974,5055161,2016-04-12,1475478,373227914
2016-04-13,1347,5057135,2016-04-13,306800,374703392
2016-04-14,1450,5058482,2016-04-14,297111,375010192
2016-04-15,1908,5059932,2016-04-15,236357,375307303
2016-04-16,6843,5061840,2016-04-16,249824,375543660
2016-04-17,4917,5068683,2016-04-17,297041,375793484
2016-04-18,2714,5073600,2016-04-18,1240767,376090525
2016-04-19,2990,5076314,2016-04-19,635152,377331292
2016-04-20,2105,5079304,2016-04-20,312725,377966444
2016-04-21,2394,5081409,2016-04-21,404307,378279169
2016-04-22,2688,5083803,2016-04-22,295572,378683476
2016-04-23,7664,5086491,2016-04-23,319376,378979048
2016-04-24,6504,5094155,2016-04-24,348566,379298424
2016-04-25,5767,5100659,2016-04-25,997907,379646990
2016-04-26,5623,5106426,2016-04-26,482057,380644897
2016-04-27,3147,5112049,2016-04-27,443861,381126954
2016-04-28,5569,5115196,2016-04-28,0,381570815
2016-04-29,4687,5120765,2016-04-29,703571,381570815
2016-04-30,3608,5125452,2016-04-30,387006,382274386
2016-05-01,4843,5129060,2016-05-01,365888,382661392
2016-05-02,3230,5133903,2016-05-02,320802,383027280
2016-05-03,3047,5137133,2016-05-03,0,383348082
2016-05-04,2460,5140180,2016-05-04,1610020,383348082
2016-05-05,2500,5142640,2016-05-05,386475,384958102
2016-05-06,2977,5145140,2016-05-06,281383,385344577
2016-05-07,3147,5148117,2016-05-07,254356,385625960
2016-05-08,2315,5151264,2016-05-08,316297,385880316
2016-05-09,1984,5153579,2016-05-09,300751,386196613
2016-05-10,1775,5155563,2016-05-10,215109,386497364
2016-05-11,1780,5157338,2016-05-11,205517,386712473
2016-05-12,1634,5159118,2016-05-12,190587,386917990
2016-05-13,1711,5160752,2016-05-13,165843,387108577
2016-05-14,1894,5162463,2016-05-14,170908,387274420
2016-05-15,2483,5164357,2016-05-15,0,387445328
2016-05-16,1726,5166840,2016-05-16,227608,387445328
2016-05-17,1470,5168566,2016-05-17,0,387672936
2016-05-18,1522,5170036,2016-05-18,1551127,387672936
2016-05-19,1455,5171558,2016-05-19,0,389224063
2016-05-20,1928,5173013,2016-05-20,491324,389224063
2016-05-21,887,5174941,2016-05-21,251259,389715387
2016-05-22,1633,5175828,2016-05-22,292924,389966646
2016-05-23,1625,5177461,2016-05-23,741882,390259570
2016-05-24,2086,5179086,2016-05-24,372278,391001452
2016-05-25,1536,5181172,2016-05-25,237013,391373730
2016-05-26,1197,5182708,2016-05-26,233735,391610743
2016-05-27,1497,5183905,2016-05-27,214587,391844478
2016-05-28,1592,5185402,2016-05-28,196107,392059065
2016-05-29,1944,5186994,2016-05-29,237148,392255172
2016-05-30,1866,5188938,2016-05-30,0,392492320
2016-05-31,1910,5190804,2016-05-31,486944,392492320
2016-06-01,1959,5192714,2016-06-01,251971,392979264
2016-06-02,1660,5194673,2016-06-02,248879,393231235
2016-06-03,1932,5196333,2016-06-03,248849,393480114
2016-06-04,2516,5198265,2016-06-04,228283,393728963
2016-06-05,2233,5200781,2016-06-05,263249,393957246
2016-06-06,2288,5203014,2016-06-06,308398,394220495
2016-06-07,1685,5205302,2016-06-07,266996,394528893
2016-06-08,1842,5206987,2016-06-08,268616,394795889
2016-06-09,1335,5208829,2016-06-09,230916,395064505
2016-06-10,1565,5210164,2016-06-10,227601,395295421
2016-06-11,2044,5211729,2016-06-11,205166,395523022
2016-06-12,1758,5213773,2016-06-12,245482,395728188
2016-06-13,1833,5215531,2016-06-13,269228,395973670
2016-06-14,1617,5217364,2016-06-14,236395,396242898
2016-06-15,1470,5218981,2016-06-15,0,396479293
2016-06-16,1554,5220451,2016-06-16,435158,396479293
2016-06-17,1435,5222005,2016-06-17,202384,396914451
2016-06-18,796,5223440,2016-06-18,0,397116835
2016-06-19,1293,5224236,2016-06-19,418751,397116835
2016-06-20,1932,5225529,2016-06-20,671080,397535586
2016-06-21,1726,5227461,2016-06-21,0,398206666
2016-06-22,1467,5229187,2016-06-22,737946,398206666
2016-06-23,1330,5230654,2016-06-23,250822,398944612
2016-06-24,1820,5231984,2016-06-24,244703,399195434
2016-06-25,1883,5233804,2016-06-25,208174,399440137
2016-06-26,1893,5235687,2016-06-26,251893,399648311
2016-06-27,-4351,5237580,2016-06-27,260856,399900204
2016-06-28,1540,5233229,2016-06-28,255742,400161060
2016-06-29,1368,5234769,2016-06-29,255374,400416802
2016-06-30,1218,5236137,2016-06-30,225516,400672176
2016-07-01,1297,5237355,2016-07-01,208881,400897692
2016-07-02,1993,5238652,2016-07-02,203781,401106573
2016-07-03,5733,5240645,2016-07-03,226147,401310354
2016-07-04,4148,5246378,2016-07-04,1012015,401536501
2016-07-05,2788,5250526,2016-07-05,1024860,402548516
2016-07-06,2432,5253314,2016-07-06,613229,403573376
2016-07-07,2193,5255746,2016-07-07,428862,404186605
2016-07-08,1846,5257939,2016-07-08,394443,404615467
2016-07-09,1669,5259785,2016-07-09,319700,405009910
2016-07-10,1713,5261454,2016-07-10,295861,405329610
2016-07-11,1785,5263167,2016-07-11,0,405625471
2016-07-12,1708,5264952,2016-07-12,565097,405625471
2016-07-13,1673,5266660,2016-07-13,234033,406190568
2016-07-14,1571,5268333,2016-07-14,206840,406424601
2016-07-15,2007,5269904,2016-07-15,206434,406631441
2016-07-16,2004,5271911,2016-07-16,198031,406837875
2016-07-17,2032,5273915,2016-07-17,224065,407035906
2016-07-18,1894,5275947,2016-07-18,0,407259971
2016-07-19,1820,5277841,2016-07-19,438507,407259971
2016-07-20,1800,5279661,2016-07-20,208635,407698478
2016-07-21,1657,5281461,2016-07-21,211361,407907113
2016-07-22,801,5283118,2016-07-22,211861,408118474
2016-07-23,2038,5283919,2016-07-23,215706,408330335
2016-07-24,1947,5285957,2016-07-24,208387,408546041
2016-07-25,2034,5287904,2016-07-25,0,408754428
2016-07-26,2245,5289938,2016-07-26,502121,408754428
2016-07-27,1709,5292183,2016-07-27,272628,409256549
2016-07-28,1847,5293892,2016-07-28,300738,409529177
2016-07-29,1611,5295739,2016-07-29,268883,409829915
2016-07-30,1728,5297350,2016-07-30,259720,410098798
2016-07-31,2016,5299078,2016-07-31,238474,410358518
2016-08-01,1957,5301094,2016-08-01,0,410596992
2016-08-02,1602,5303051,2016-08-02,503648,410596992
2016-08-03,1691,5304653,2016-08-03,250178,411100640
2016-08-04,1642,5306344,2016-08-04,231584,411350818
2016-08-05,1340,5307986,2016-08-05,235853,411582402
2016-08-06,1081,5309326,2016-08-06,212977,411818255
2016-08-07,2898,5310407,2016-08-07,191963,412031232
2016-08-08,2946,5313305,2016-08-08,0,412223195
2016-08-09,2417,5316251,2016-08-09,1602196,412223195
2016-08-10,2367,5318668,2016-08-10,475824,413825391
2016-08-11,2165,5321035,2016-08-11,362002,414301215
2016-08-12,1744,5323200,2016-08-12,385125,414663217
2016-08-13,1790,5324944,2016-08-13,323481,415048342
2016-08-14,2007,5326734,2016-08-14,284626,415371823
2016-08-15,2295,5328741,2016-08-15,0,415656449
2016-08-16,1834,5331036,2016-08-16,505018,415656449
2016-08-17,1537,5332870,2016-08-17,238394,416161467
2016-08-18,1492,5334407,2016-08-18,230787,416399861
2016-08-19,1482,5335899,2016-08-19,227398,416630648
2016-08-20,5789,5337381,2016-08-20,236515,416858046
2016-08-21,7215,5343170,2016-08-21,214569,417094561
2016-08-22,7610,5350385,2016-08-22,1150908,417309130
2016-08-23,4168,5357995,2016-08-23,967873,418460038
2016-08-24,3046,5362163,2016-08-24,834972,419427911
2016-08-25,2855,5365209,2016-08-25,475971,420262883
2016-08-26,2671,5368064,2016-08-26,431064,420738854
2016-08-27,4225,5370735,2016-08-27,379858,421169918
2016-08-28,4278,5374960,2016-08-28,357435,421549776
2016-08-29,3248,5379238,2016-08-29,0,421907211
2016-08-30,2877,5382486,2016-08-30,948852,421907211
2016-08-31,2400,5385363,2016-08-31,0,422856063
2016-09-01,2071,5387763,2016-09-01,758202,422856063
2016-09-02,2346,5389834,2016-09-02,301716,423614265
2016-09-03,2432,5392180,2016-09-03,312178,423915981
2016-09-04,2032,5394612,2016-09-04,330200,424228159
2016-09-05,1459,5396644,2016-09-05,0,424558359
2016-09-06,1285,5398103,2016-09-06,619426,424558359
2016-09-07,991,5399388,2016-09-07,227853,425177785
2016-09-08,881,5400379,2016-09-08,190177,425405638
2016-09-09,1121,5401260,2016-09-09,155966,425595815
2016-09-10,725,5402381,2016-09-10,146639,425751781
2016-09-11,1592,5403106,2016-09-11,192774,425898420
2016-09-12,1495,5404698,2016-09-12,923200,426091194
2016-09-13,944,5406193,2016-09-13,401959,427014394
2016-09-14,827,5407137,2016-09-14,285822,427416353
2016-09-15,880,5407964,2016-09-15,209218,427702175
2016-09-16,1198,5408844,2016-09-16,167366,427911393
2016-09-17,1387,5410042,2016-09-17,169288,428078759
2016-09-18,919,5411429,2016-09-18,213718,428248047
2016-09-19,946,5412348,2016-09-19,209274,428461765
2016-09-20,729,5413294,2016-09-20,146939,428671039
2016-09-21,334,5414023,2016-09-21,132112,428817978
2016-09-22,403,5414357,2016-09-22,110952,428950090
2016-09-23,591,5414760,2016-09-23,113902,429061042
2016-09-24,843,5415351,2016-09-24,126554,429174944
2016-09-25,99,5416194,2016-09-25,161657,429301498
2016-09-26,295,5416293,2016-09-26,159372,429463155
2016-09-27,465,5416588,2016-09-27,111741,429622527
2016-09-28,548,5417053,2016-09-28,109694,429734268
2016-09-29,475,5417601,2016-09-29,104408,429843962
2016-09-30,481,5418076,2016-09-30,106873,429948370
2016-10-01,2211,5418557,2016-10-01,109651,430055243
2016-10-02,2785,5420768,2016-10-02,145410,430164894
2016-10-03,1840,5423553,2016-10-03,909153,430310304
2016-10-04,1038,5425393,2016-10-04,581528,431219457
2016-10-05,1072,5426431,2016-10-05,310365,431800985
2016-10-06,845,5427503,2016-10-06,207764,432111350
2016-10-07,831,5428348,2016-10-07,213045,432319114
2016-10-08,678,5429179,2016-10-08,189404,432532159
2016-10-09,765,5429857,2016-10-09,229998,432721563
2016-10-10,849,5430622,2016-10-10,927185,432951561
2016-10-11,868,5431471,2016-10-11,435924,433878746
2016-10-12,591,5432339,2016-10-12,267877,434314670
2016-10-13,540,5432930,2016-10-13,230337,434582547
2016-10-14,696,5433470,2016-10-14,171822,434812884
2016-10-15,1021,5434166,2016-10-15,169917,434984706
2016-10-16,727,5435187,2016-10-16,201979,435154623
2016-10-17,219,5435914,2016-10-17,206508,435356602
2016-10-18,534,5436133,2016-10-18,126491,435563110
2016-10-19,519,5436667,2016-10-19,121454,435689601
2016-10-20,604,5437186,2016-10-20,119031,435811055
2016-10-21,777,5437790,2016-10-21,121281,435930086
2016-10-22,1038,5438567,2016-10-22,133913,436051367
2016-10-23,933,5439605,2016-10-23,151450,436185280
2016-10-24,1005,5440538,2016-10-24,158124,436336730
2016-10-25,796,5441543,2016-10-25,137682,436494854
2016-10-26,734,5442339,2016-10-26,150615,436632536
2016-10-27,356,5443073,2016-10-27,265836,436783151
2016-10-28,1669,5443429,2016-10-28,0,437048987
2016-10-29,2070,5445098,2016-10-29,143918,437048987
2016-10-30,984,5447168,2016-10-30,162672,437192905
2016-10-31,910,5448152,2016-10-31,301745,437355577
2016-11-01,-1085,5449062,2016-11-01,0,437657322
2016-11-02,1300,5447977,2016-11-02,129146,437657322
2016-11-03,1031,5449277,2016-11-03,133376,437786468
2016-11-04,1259,5450308,2016-11-04,370833,437919844
2016-11-05,1370,5451567,2016-11-05,-98828,438290677
2016-11-06,939,5452937,2016-11-06,177137,438191849
2016-11-07,1108,5453876,2016-11-07,190486,438368986
2016-11-08,545,5454984,2016-11-08,260415,438559472
2016-11-09,599,5455529,2016-11-09,0,438819887
2016-11-10,656,5456128,2016-11-10,121262,438819887
2016-11-11,885,5456784,2016-11-11,129079,438941149
2016-11-12,1019,5457669,2016-11-12,138161,439070228
2016-11-13,703,5458688,2016-11-13,174776,439208389
2016-11-14,638,5459391,2016-11-14,165798,439383165
2016-11-15,526,5460029,2016-11-15,125690,439548963
2016-11-16,148,5460555,2016-11-16,115804,439674653
2016-11-17,629,5460703,2016-11-17,111142,439790457
2016-11-18,673,5461332,2016-11-18,106428,439901599
2016-11-19,1511,5462005,2016-11-19,110370,440008027
2016-11-20,1075,5463516,2016-11-20,165295,440118397
2016-11-21,820,5464591,2016-11-21,344842,440283692
2016-11-22,668,5465411,2016-11-22,0,440628534
2016-11-23,748,5466079,2016-11-23,251302,440628534
2016-11-24,614,5466827,2016-11-24,127677,440879836
2016-11-25,1287,5467441,2016-11-25,131935,441007513
2016-11-26,1812,5468728,2016-11-26,180480,441139448
2016-11-27,927,5470540,2016-11-27,0,441319928
2016-11-28,818,5471467,2016-11-28,624663,441319928
2016-11-29,526,5472285,2016-11-29,-298277,441944591
2016-11-30,403,5472811,2016-11-30,0,441646314
2016-12-01,298,5473214,2016-12-01,0,441646314
2016-12-02,330,5473512,2016-12-02,0,441646314
2016-12-03,512,5473842,2016-12-03,0,441646314
2016-12-04,546,5474354,2016-12-04,443951,441646314
2016-12-05,310,5474900,2016-12-05,257793,442090265
2016-12-06,1032,5475210,2016-12-06,108114,442348058
2016-12-07,1627,5476242,2016-12-07,115821,442456172
2016-12-08,847,5477869,2016-12-08,112503,442571993
2016-12-09,834,5478716,2016-12-09,110643,442684496
2016-12-10,1140,5479550,2016-12-10,118844,442795139
2016-12-11,7000,5480690,2016-12-11,150275,442913983
2016-12-12,1893,5487690,2016-12-12,917301,443064258
2016-12-13,1052,5489583,2016-12-13,1230415,443981559
2016-12-14,1172,5490635,2016-12-14,152822,445211974
2016-12-15,897,5491807,2016-12-15,251454,445364796
2016-12-16,877,5492704,2016-12-16,0,445616250
2016-12-17,1015,5493581,2016-12-17,520133,445616250
2016-12-18,1114,5494596,2016-12-18,269427,446136383
2016-12-19,1375,5495710,2016-12-19,245777,446405810
2016-12-20,1321,5497085,2016-12-20,227772,446651587
2016-12-21,967,5498406,2016-12-21,247995,446879359
2016-12-22,1001,5499373,2016-12-22,486478,447127354
2016-12-23,474,5500374,2016-12-23,231337,447613832
2016-12-24,2781,5500848,2016-12-24,191339,447845169
2016-12-25,1420,5503629,2016-12-25,0,448036508
2016-12-26,1147,5505049,2016-12-26,138731,448036508
2016-12-27,1365,5506196,2016-12-27,195025,448175239
2016-12-28,1118,5507561,2016-12-28,472911,448370264
2016-12-29,904,5508679,2016-12-29,257868,448843175
2016-12-30,931,5509583,2016-12-30,0,449101043
2016-12-31,963,5510514,2016-12-31,461061,449101043
2017-01-01,1309,5511477,2017-01-01,0,449562104
2017-01-02,981,5512786,2017-01-02,274876,449562104
2017-01-03,579,5513767,2017-01-03,321552,449836980
2017-01-04,673,5514346,2017-01-04,251342,450158532
2017-01-05,707,5515019,2017-01-05,212338,450409874
2017-01-06,842,5515726,2017-01-06,570471,450622212
2017-01-07,693,5516568,2017-01-07,210739,451192683
2017-01-08,428,5517261,2017-01-08,0,451403422
2017-01-09,389,5517689,2017-01-09,205512,451403422
2017-01-10,376,5518078,2017-01-10,280758,451608934
2017-01-11,112,5518454,2017-01-11,0,451889692
2017-01-12,252,5518566,2017-01-12,120783,451889692
2017-01-13,-53,5518818,2017-01-13,1182267,452010475
2017-01-14,753,5518765,2017-01-14,2576242,453192742
2017-01-15,1189,5519518,2017-01-15,603803,455768984
2017-01-16,629,5520707,2017-01-16,894630,456372787
2017-01-17,962,5521336,2017-01-17,545073,457267417
2017-01-18,662,5522298,2017-01-18,-1440,457812490
2017-01-19,545,5522960,2017-01-19,190586,457811050
2017-01-20,473,5523505,2017-01-20,171681,458001636
2017-01-21,686,5523978,2017-01-21,160896,458173317
2017-01-22,292,5524664,2017-01-22,200983,458334213
2017-01-23,416,5524956,2017-01-23,-4784388,458535196
2017-01-24,521,5525372,2017-01-24,126141,453750808
2017-01-25,-117,5525893,2017-01-25,118797,453876949
2017-01-26,398,5525776,2017-01-26,124719,453995746
2017-01-27,189,5526174,2017-01-27,113292,454120465
2017-01-28,591,5526363,2017-01-28,115766,454233757
2017-01-29,289,5526954,2017-01-29,142665,454349523
2017-01-30,126,5527243,2017-01-30,164028,454492188
2017-01-31,238,5527369,2017-01-31,119761,454656216
2017-02-01,218,5527607,2017-02-01,0,454775977
2017-02-02,-424,5527825,2017-02-02,207103,454775977
2017-02-03,338,5527401,2017-02-03,95857,454983080
2017-02-04,193,5527739,2017-02-04,103042,455078937
2017-02-05,-858,5527932,2017-02-05,140329,455181979
2017-02-06,-965,5527074,2017-02-06,142355,455322308
2017-02-07,-177,5526109,2017-02-07,99088,455464663
2017-02-08,55,5525932,2017-02-08,91694,455563751
2017-02-09,179,5525987,2017-02-09,95347,455655445
2017-02-10,-721,5526166,2017-02-10,93824,455750792
2017-02-11,285,5525445,2017-02-11,98994,455844616
2017-02-12,278,5525730,2017-02-12,122067,455943610
2017-02-13,204,5526008,2017-02-13,123831,456065677
2017-02-14,373,5526212,2017-02-14,112447,456189508
2017-02-15,424,5526585,2017-02-15,102283,456301955
2017-02-16,351,5527009,2017-02-16,110840,456404238
2017-02-17,308,5527360,2017-02-17,107306,456515078
2017-02-18,281,5527668,2017-02-18,118024,456622384
2017-02-19,199,5527949,2017-02-19,141647,456740408
2017-02-20,53,5528148,2017-02-20,146092,456882055
2017-02-21,408,5528201,2017-02-21,128794,457028147
2017-02-22,1497,5528609,2017-02-22,127619,457156941
2017-02-23,1473,5530106,2017-02-23,118129,457284560
2017-02-24,653,5531579,2017-02-24,129517,457402689
2017-02-25,1159,5532232,2017-02-25,126783,457532206
2017-02-26,448,5533391,2017-02-26,0,457658989
2017-02-27,599,5533839,2017-02-27,309412,457658989
2017-02-28,540,5534438,2017-02-28,113478,457968401
2017-03-01,446,5534978,2017-03-01,116288,458081879
2017-03-02,151,5535424,2017-03-02,129864,458198167
2017-03-03,471,5535575,2017-03-03,258867,458328031
2017-03-04,1015,5536046,2017-03-04,0,458586898
2017-03-05,603,5537061,2017-03-05,191555,458586898
2017-03-06,485,5537664,2017-03-06,338488,458778453
2017-03-07,54,5538149,2017-03-07,0,459116941
2017-03-08,281,5538203,2017-03-08,119782,459116941
2017-03-09,354,5538484,2017-03-09,122270,459236723
2017-03-10,212,5538838,2017-03-10,111849,459358993
2017-03-11,401,5539050,2017-03-11,118819,459470842
2017-03-12,167,5539451,2017-03-12,148099,459589661
2017-03-13,283,5539618,2017-03-13,164914,459737760
2017-03-14,93,5539901,2017-03-14,124837,459902674
2017-03-15,37,5539994,2017-03-15,116479,460027511
2017-03-16,200,5540031,2017-03-16,108736,460143990
2017-03-17,-100,5540231,2017-03-17,102200,460252726
2017-03-18,215,5540131,2017-03-18,110375,460354926
2017-03-19,88,5540346,2017-03-19,139134,460465301
2017-03-20,-195,5540434,2017-03-20,136801,460604435
2017-03-21,108,5540239,2017-03-21,89313,460741236
2017-03-22,18,5540347,2017-03-22,170231,460830549
2017-03-23,5,5540365,2017-03-23,0,461000780
2017-03-24,70,5540370,2017-03-24,174561,461000780
2017-03-25,370,5540440,2017-03-25,110151,461175341
2017-03-26,102,5540810,2017-03-26,127622,461285492
2017-03-27,354,5540912,2017-03-27,0,461413114
2017-03-28,219,5541266,2017-03-28,94909,461413114
2017-03-29,-69,5541485,2017-03-29,98993,461508023
2017-03-30,130,5541416,2017-03-30,93357,461607016
2017-03-31,227,5541546,2017-03-31,90773,461700373
2017-04-01,148,5541773,2017-04-01,96188,461791146
2017-04-02,61,5541921,2017-04-02,127611,461887334
2017-04-03,128,5541982,2017-04-03,131205,462014945
2017-04-04,211,5542110,2017-04-04,223501,462146150
2017-04-05,210,5542321,2017-04-05,0,462369651
2017-04-06,239,5542531,2017-04-06,111835,462369651
2017-04-07,233,5542770,2017-04-07,115024,462481486
2017-04-08,342,5543003,2017-04-08,260893,462596510
2017-04-09,557,5543345,2017-04-09,0,462857403
2017-04-10,469,5543902,2017-04-10,151221,462857403
2017-04-11,494,5544371,2017-04-11,174406,463008624
2017-04-12,459,5544865,2017-04-12,162544,463183030
2017-04-13,406,5545324,2017-04-13,150221,463345574
2017-04-14,374,5545730,2017-04-14,308121,463495795
2017-04-15,250,5546104,2017-04-15,136323,463803916
2017-04-16,397,5546354,2017-04-16,0,463940239
2017-04-17,351,5546751,2017-04-17,150605,463940239
2017-04-18,227,5547102,2017-04-18,155299,464090844
2017-04-19,200,5547329,2017-04-19,131578,464246143
2017-04-20,-82,5547529,2017-04-20,117785,464377721
2017-04-21,146,5547447,2017-04-21,116741,464495506
2017-04-22,166,5547593,2017-04-22,123003,464612247
2017-04-23,65,5547759,2017-04-23,140561,464735250
2017-04-24,21,5547824,2017-04-24,0,464875811
2017-04-25,-152,5547845,2017-04-25,150913,464875811
2017-04-26,21,5547693,2017-04-26,215497,465026724
2017-04-27,-68,5547714,2017-04-27,103340,465242221
2017-04-28,-73,5547646,2017-04-28,97414,465345561
2017-04-29,-33,5547573,2017-04-29,91449,465442975
2017-04-30,14,5547540,2017-04-30,244596,465534424
2017-05-01,-150,5547554,2017-05-01,0,465779020
2017-05-02,31,5547404,2017-05-02,130125,465779020
2017-05-03,-37,5547435,2017-05-03,91400,465909145
2017-05-04,-85,5547398,2017-05-04,86409,466000545
2017-05-05,-268,5547313,2017-05-05,78789,466086954
2017-05-06,-111,5547045,2017-05-06,72568,466165743
2017-05-07,-341,5546934,2017-05-07,97809,466238311
2017-05-08,82,5546593,2017-05-08,101277,466336120
2017-05-09,-30,5546675,2017-05-09,79592,466437397
2017-05-10,-55,5546645,2017-05-10,79643,466516989
2017-05-11,-149,5546590,2017-05-11,40347,466596632
2017-05-12,-12,5546441,2017-05-12,106360,466636979
2017-05-13,33,5546429,2017-05-13,181384,466743339
2017-05-14,-258,5546462,2017-05-14,0,466924723
2017-05-15,-149,5546204,2017-05-15,101523,466924723
2017-05-16,-62,5546055,2017-05-16,144103,467026246
2017-05-17,-686,5545993,2017-05-17,0,467170349
2017-05-18,-267,5545307,2017-05-18,58518,467170349
2017-05-19,-298,5545040,2017-05-19,59712,467228867
2017-05-20,-356,5544742,2017-05-20,53207,467288579
2017-05-21,-207,5544386,2017-05-21,136280,467341786
2017-05-22,-205,5544179,2017-05-22,0,467478066
2017-05-23,-175,5543974,2017-05-23,103358,467478066
2017-05-24,-187,5543799,2017-05-24,47154,467581424
2017-05-25,-581,5543612,2017-05-25,48423,467628578
2017-05-26,-195,5543031,2017-05-26,0,467677001
2017-05-27,-300,5542836,2017-05-27,48499,467677001
2017-05-28,-302,5542536,2017-05-28,60239,467725500
2017-05-29,-192,5542234,2017-05-29,66459,467785739
2017-05-30,-234,5542042,2017-05-30,74584,467852198
2017-05-31,-253,5541808,2017-05-31,73887,467926782
2017-06-01,-430,5541555,2017-06-01,72995,468000669
2017-06-02,-194,5541125,2017-06-02,72030,468073664
2017-06-03,-256,5540931,2017-06-03,77010,468145694
2017-06-04,-6,5540675,2017-06-04,73510,468222704
2017-06-05,-273,5540669,2017-06-05,91503,468296214
2017-06-06,-383,5540396,2017-06-06,98672,468387717
2017-06-07,-155,5540013,2017-06-07,93810,468486389
2017-06-08,-284,5539858,2017-06-08,74934,468580199
2017-06-09,-233,5539574,2017-06-09,139604,468655133
2017-06-10,-147,5539341,2017-06-10,0,468794737
2017-06-11,-346,5539194,2017-06-11,83299,468794737
2017-06-12,-125,5538848,2017-06-12,86224,468878036
2017-06-13,-53,5538723,2017-06-13,72742,468964260
2017-06-14,-167,5538670,2017-06-14,65216,469037002
2017-06-15,-90,5538503,2017-06-15,70755,469102218
2017-06-16,-80,5538413,2017-06-16,65769,469172973
2017-06-17,-120,5538333,2017-06-17,61980,469238742
2017-06-18,-26,5538213,2017-06-18,81572,469300722
2017-06-19,-188,5538187,2017-06-19,83620,469382294
2017-06-20,-89,5537999,2017-06-20,73525,469465914
2017-06-21,-83,5537910,2017-06-21,82074,469539439
2017-06-22,-15,5537827,2017-06-22,85750,469621513
2017-06-23,36,5537812,2017-06-23,92058,469707263
2017-06-24,-43,5537848,2017-06-24,86466,469799321
2017-06-25,-455,5537805,2017-06-25,105771,469885787
2017-06-26,8,5537350,2017-06-26,109891,469991558
2017-06-27,46,5537358,2017-06-27,90968,470101449
2017-06-28,-310,5537404,2017-06-28,86959,470192417
2017-06-29,-225,5537094,2017-06-29,97316,470279376
2017-06-30,-168,5536869,2017-06-30,87990,470376692
2017-07-01,-117,5536701,2017-07-01,80829,470464682
2017-07-02,-418,5536584,2017-07-02,89202,470545511
2017-07-03,-52,5536166,2017-07-03,95369,470634713
2017-07-04,-370,5536114,2017-07-04,86962,470730082
2017-07-05,-424,5535744,2017-07-05,89553,470817044
2017-07-06,-296,5535320,2017-07-06,78338,470906597
2017-07-07,-331,5535024,2017-07-07,78017,470984935
2017-07-08,-206,5534693,2017-07-08,74458,471062952
2017-07-09,-250,5534487,2017-07-09,80064,471137410
2017-07-10,-376,5534237,2017-07-10,88075,471217474
2017-07-11,-75,5533861,2017-07-11,89444,471305549
2017-07-12,-95,5533786,2017-07-12,84226,471394993
2017-07-13,-48,5533691,2017-07-13,79195,471479219
2017-07-14,-17,5533643,2017-07-14,81337,471558414
2017-07-15,-687,5533626,2017-07-15,0,471639751
2017-07-16,-252,5532939,2017-07-16,167341,471639751
2017-07-17,-197,5532687,2017-07-17,87303,471807092
2017-07-18,-261,5532490,2017-07-18,75340,471894395
2017-07-19,133,5532229,2017-07-19,69268,471969735
2017-07-20,-54,5532362,2017-07-20,77475,472039003
2017-07-21,-74,5532308,2017-07-21,84741,472116478
2017-07-22,-96,5532234,2017-07-22,81707,472201219
2017-07-23,-198,5532138,2017-07-23,88061,472282926
2017-07-24,-207,5531940,2017-07-24,95746,472370987
2017-07-25,-200,5531733,2017-07-25,100252,472466733
2017-07-26,-64,5531533,2017-07-26,90924,472566985
2017-07-27,-231,5531469,2017-07-27,98890,472657909
2017-07-28,-136,5531238,2017-07-28,100065,472756799
2017-07-29,184,5531102,2017-07-29,91293,472856864
2017-07-30,-836,5531286,2017-07-30,91502,472948157
2017-07-31,143,5530450,2017-07-31,112861,473039659
2017-08-01,-112,5530593,2017-08-01,117787,473152520
2017-08-02,-76,5530481,2017-08-02,111429,473270307
2017-08-03,-205,5530405,2017-08-03,118138,473381736
2017-08-04,-184,5530200,2017-08-04,113750,473499874
2017-08-05,-321,5530016,2017-08-05,101970,473613624
2017-08-06,-248,5529695,2017-08-06,97676,473715594
2017-08-07,-224,5529447,2017-08-07,108214,473813270
2017-08-08,-190,5529223,2017-08-08,111595,473921484
2017-08-09,-312,5529033,2017-08-09,99718,474033079
2017-08-10,-227,5528721,2017-08-10,94772,474132797
2017-08-11,-322,5528494,2017-08-11,81543,474227569
2017-08-12,-272,5528172,2017-08-12,165028,474309112
2017-08-13,100,5527900,2017-08-13,0,474474140
2017-08-14,26,5528000,2017-08-14,90675,474474140
2017-08-15,-70,5528026,2017-08-15,118913,474564815
2017-08-16,-145,5527956,2017-08-16,0,474683728
2017-08-17,-42,5527811,2017-08-17,190893,474683728
2017-08-18,-208,5527769,2017-08-18,95965,474874621
2017-08-19,-315,5527561,2017-08-19,94777,474970586
2017-08-20,-78,5527246,2017-08-20,87604,475065363
2017-08-21,-298,5527168,2017-08-21,90970,475152967
2017-08-22,-168,5526870,2017-08-22,0,475243937
2017-08-23,-116,5526702,2017-08-23,97761,475243937
2017-08-24,-277,5526586,2017-08-24,95998,475341698
2017-08-25,-75,5526309,2017-08-25,179281,475437696
2017-08-26,-213,5526234,2017-08-26,88234,475616977
2017-08-27,-671,5526021,2017-08-27,80750,475705211
2017-08-28,-242,5525350,2017-08-28,83057,475785961
2017-08-29,-217,5525108,2017-08-29,82980,475869018
2017-08-30,-326,5524891,2017-08-30,86649,475951998
2017-08-31,-239,5524565,2017-08-31,99852,476038647
2017-09-01,-422,5524326,2017-09-01,82048,476138499
2017-09-02,-164,5523904,2017-09-02,76796,476220547
2017-09-03,-9,5523740,2017-09-03,75819,476297343
2017-09-04,-394,5523731,2017-09-04,99146,476373162
2017-09-05,-70,5523337,2017-09-05,104328,476472308
2017-09-06,-162,5523267,2017-09-06,83500,476576636
2017-09-07,-158,5523105,2017-09-07,60608,476660136
2017-09-08,-363,5522947,2017-09-08,57874,476720744
2017-09-09,-283,5522584,2017-09-09,58833,476778618
2017-09-10,-380,5522301,2017-09-10,76058,476837451
2017-09-11,-272,5521921,2017-09-11,76824,476913509
2017-09-12,-245,5521649,2017-09-12,53225,476990333
2017-09-13,-167,5521404,2017-09-13,56880,477043558
2017-09-14,-203,5521237,2017-09-14,53709,477100438
2017-09-15,-269,5521034,2017-09-15,54372,477154147
2017-09-16,-330,5520765,2017-09-16,59772,477208519
2017-09-17,-296,5520435,2017-09-17,82515,477268291
2017-09-18,-217,5520139,2017-09-18,89415,477350806
2017-09-19,-321,5519922,2017-09-19,122405,477440221
2017-09-20,-184,5519601,2017-09-20,0,477562626
2017-09-21,-448,5519417,2017-09-21,92054,477562626
2017-09-22,-177,5518969,2017-09-22,0,477654680
2017-09-23,-143,5518792,2017-09-23,47457,477654680
2017-09-24,-444,5518649,2017-09-24,66981,477702137
2017-09-25,-257,5518205,2017-09-25,72892,477769118
2017-09-26,-178,5517948,2017-09-26,55409,477842010
2017-09-27,-26,5517770,2017-09-27,50800,477897419
2017-09-28,-250,5517744,2017-09-28,55632,477948219
2017-09-29,-178,5517494,2017-09-29,52373,478003851
2017-09-30,-112,5517316,2017-09-30,55062,478056224
2017-10-01,-144,5517204,2017-10-01,71760,478111286
2017-10-02,-65,5517060,2017-10-02,86173,478183046
2017-10-03,-193,5516995,2017-10-03,57428,478269219
2017-10-04,-120,5516802,2017-10-04,53755,478326647
2017-10-05,-167,5516682,2017-10-05,51692,478380402
2017-10-06,-189,5516515,2017-10-06,51099,478432094
2017-10-07,-945,5516326,2017-10-07,54080,478483193
2017-10-08,-180,5515381,2017-10-08,68500,478537273
2017-10-09,-63,5515201,2017-10-09,79567,478605773
2017-10-10,-468,5515138,2017-10-10,57416,478685340
2017-10-11,-220,5514670,2017-10-11,57030,478742756
2017-10-12,-210,5514450,2017-10-12,51804,478799786
2017-10-13,-224,5514240,2017-10-13,54908,478851590
2017-10-14,-82,5514016,2017-10-14,52064,478906498
2017-10-15,-352,5513934,2017-10-15,66145,478958562
2017-10-16,-181,5513582,2017-10-16,78580,479024707
2017-10-17,-115,5513401,2017-10-17,62182,479103287
2017-10-18,-296,5513286,2017-10-18,62270,479165469
2017-10-19,-196,5512990,2017-10-19,60060,479227739
2017-10-20,-351,5512794,2017-10-20,59091,479287799
2017-10-21,-236,5512443,2017-10-21,49339,479346890
2017-10-22,-209,5512207,2017-10-22,125142,479396229
2017-10-23,1,5511998,2017-10-23,0,479521371
2017-10-24,-314,5511999,2017-10-24,71623,479521371
2017-10-25,-140,5511685,2017-10-25,69354,479592994
2017-10-26,-244,5511545,2017-10-26,70922,479662348
2017-10-27,-86,5511301,2017-10-27,71824,479733270
2017-10-28,-359,5511215,2017-10-28,74272,479805094
2017-10-29,-225,5510856,2017-10-29,70944,479879366
2017-10-30,-225,5510631,2017-10-30,79351,479950310
2017-10-31,-208,5510406,2017-10-31,60587,480029661
2017-11-01,-311,5510198,2017-11-01,46254,480090248
2017-11-02,-365,5509887,2017-11-02,110260,480136502
2017-11-03,-135,5509522,2017-11-03,0,480246762
2017-11-04,-442,5509387,2017-11-04,55866,480246762
2017-11-05,-255,5508945,2017-11-05,67496,480302628
2017-11-06,-365,5508690,2017-11-06,74424,480370124
2017-11-07,-388,5508325,2017-11-07,52415,480444548
2017-11-08,-240,5507937,2017-11-08,49650,480496963
2017-11-09,-174,5507697,2017-11-09,46507,480546613
2017-11-10,-479,5507523,2017-11-10,41374,480593120
2017-11-11,-495,5507044,2017-11-11,38043,480634494
2017-11-12,-399,5506549,2017-11-12,75280,480672537
2017-11-13,-327,5506150,2017-11-13,79348,480747817
2017-11-14,-351,5505823,2017-11-14,93180,480827165
2017-11-15,-249,5505472,2017-11-15,43817,480920345
2017-11-16,-630,5505223,2017-11-16,38512,480964162
2017-11-17,-475,5504593,2017-11-17,56530,481002674
2017-11-18,-529,5504118,2017-11-18,61507,481059204
2017-11-19,-451,5503589,2017-11-19,46547,481120711
2017-11-20,-412,5503138,2017-11-20,42895,481167258
2017-11-21,-463,5502726,2017-11-21,39447,481210153
2017-11-22,-390,5502263,2017-11-22,38779,481249600
2017-11-23,-385,5501873,2017-11-23,34975,481288379
2017-11-24,-645,5501488,2017-11-24,46201,481323354
2017-11-25,-473,5500843,2017-11-25,50129,481369555
2017-11-26,-420,5500370,2017-11-26,36560,481419684
2017-11-27,-382,5499950,2017-11-27,38307,481456244
2017-11-28,-231,5499568,2017-11-28,36741,481494551
2017-11-29,-493,5499337,2017-11-29,33873,481531292
2017-11-30,-294,5498844,2017-11-30,32686,481565165
2017-12-01,-448,5498550,2017-12-01,42424,481597851
2017-12-02,-781,5498102,2017-12-02,40409,481640275
2017-12-03,-529,5497321,2017-12-03,33815,481680684
2017-12-04,-490,5496792,2017-12-04,30441,481714499
2017-12-05,-435,5496302,2017-12-05,28302,481744940
2017-12-06,-214,5495867,2017-12-06,25552,481773242
2017-12-07,-130,5495653,2017-12-07,29502,481798794
2017-12-08,-688,5495523,2017-12-08,41095,481828296
2017-12-09,-277,5494835,2017-12-09,46917,481869391
2017-12-10,-486,5494558,2017-12-10,449753,481916308
2017-12-11,3220,5494072,2017-12-11,385437,482366061
2017-12-12,1267,5497292,2017-12-12,415454,482751498
2017-12-13,1158,5498559,2017-12-13,151860,483166952
2017-12-14,136,5499717,2017-12-14,103786,483318812
2017-12-15,173,5499853,2017-12-15,97305,483422598
2017-12-16,45,5500026,2017-12-16,91671,483519903
2017-12-17,-221,5500071,2017-12-17,63726,483611574
2017-12-18,-217,5499850,2017-12-18,54317,483675300
2017-12-19,-135,5499633,2017-12-19,54793,483729617
2017-12-20,-303,5499498,2017-12-20,53374,483784410
2017-12-21,-339,5499195,2017-12-21,49998,483837784
2017-12-22,-252,5498856,2017-12-22,55175,483887782
2017-12-23,-278,5498604,2017-12-23,50346,483942957
2017-12-24,368,5498326,2017-12-24,37982,483993303
2017-12-25,-250,5498694,2017-12-25,45678,484031285
2017-12-26,-269,5498444,2017-12-26,60616,484076963
2017-12-27,-203,5498175,2017-12-27,62063,484137579
2017-12-28,-319,5497972,2017-12-28,63375,484199642
2017-12-29,-334,5497653,2017-12-29,63618,484263017
2017-12-30,-313,5497319,2017-12-30,55578,484326635
2017-12-31,-417,5497006,2017-12-31,74608,484382213
2018-01-01,-537,5496589,2018-01-01,88147,484456821
2018-01-02,-244,5496052,2018-01-02,79688,484544968
2018-01-03,-352,5495808,2018-01-03,70904,484624656
2018-01-04,-266,5495456,2018-01-04,67230,484695560
2018-01-05,-369,5495190,2018-01-05,67127,484762790
2018-01-06,-354,5494821,2018-01-06,73675,484829917
2018-01-07,-380,5494467,2018-01-07,59273,484903592
2018-01-08,-318,5494087,2018-01-08,49234,484962865
2018-01-09,-502,5493769,2018-01-09,48194,485012099
2018-01-10,-2986,5493267,2018-01-10,29107,485060293
2018-01-11,-608,5490281,2018-01-11,56389,485089400
2018-01-12,-396,5489673,2018-01-12,49012,485145789
2018-01-13,-593,5489277,2018-01-13,52595,485194801
2018-01-14,-655,5488684,2018-01-14,39017,485247396
2018-01-15,-295,5488029,2018-01-15,35202,485286413
2018-01-16,-498,5487734,2018-01-16,36512,485321615
2018-01-17,-246,5487236,2018-01-17,36825,485358127
2018-01-18,-372,5486990,2018-01-18,34581,485394952
2018-01-19,-884,5486618,2018-01-19,45841,485429533
2018-01-20,-796,5485734,2018-01-20,49919,485475374
2018-01-21,-565,5484938,2018-01-21,31853,485525293
2018-01-22,-364,5484373,2018-01-22,30412,485557146
2018-01-23,-466,5484009,2018-01-23,30771,485587558
2018-01-24,-684,5483543,2018-01-24,22623,485618329
2018-01-25,-498,5482859,2018-01-25,33270,485640952
2018-01-26,-573,5482361,2018-01-26,38912,485674222
2018-01-27,-629,5481788,2018-01-27,43473,485713134
2018-01-28,-537,5481159,2018-01-28,38110,485756607
2018-01-29,-460,5480622,2018-01-29,31339,485794717
2018-01-30,-456,5480162,2018-01-30,36668,485826056
2018-01-31,-354,5479706,2018-01-31,29745,485862724
2018-02-01,-440,5479352,2018-02-01,26235,485892469
2018-02-02,-357,5478912,2018-02-02,47772,485918704
2018-02-03,-670,5478555,2018-02-03,56240,485966476
2018-02-04,-391,5477885,2018-02-04,40176,486022716
2018-02-05,-403,5477494,2018-02-05,43320,486062892
2018-02-06,-201,5477091,2018-02-06,43668,486106212
2018-02-07,-388,5476890,2018-02-07,34344,486149880
2018-02-08,-373,5476502,2018-02-08,39904,486184224
2018-02-09,-167,5476129,2018-02-09,22776,486224128
2018-02-10,-800,5475962,2018-02-10,76767,486246904
2018-02-11,-469,5475162,2018-02-11,36707,486323671
2018-02-12,-333,5474693,2018-02-12,57709,486360378
2018-02-13,-292,5474360,2018-02-13,49624,486418087
2018-02-14,-258,5474068,2018-02-14,46923,486467711
2018-02-15,-262,5473810,2018-02-15,35956,486514634
2018-02-16,-161,5473548,2018-02-16,38730,486550590
2018-02-17,-720,5473387,2018-02-17,97799,486589320
2018-02-18,-452,5472667,2018-02-18,51222,486687119
2018-02-19,-518,5472215,2018-02-19,39857,486738341
2018-02-20,-316,5471697,2018-02-20,50280,486778198
2018-02-21,-602,5471381,2018-02-21,31832,486828478
2018-02-22,-309,5470779,2018-02-22,39883,486860310
2018-02-23,-550,5470470,2018-02-23,49091,486900193
2018-02-24,-421,5469920,2018-02-24,46286,486949284
2018-02-25,-301,5469499,2018-02-25,37861,486995570
2018-02-26,-227,5469198,2018-02-26,31893,487033431
2018-02-27,-422,5468971,2018-02-27,40653,487065324
2018-02-28,-210,5468549,2018-02-28,44453,487105977
2018-03-01,-374,5468339,2018-03-01,50398,487150430
2018-03-02,-402,5467965,2018-03-02,45606,487200828
2018-03-03,-510,5467563,2018-03-03,52196,487246434
2018-03-04,-245,5467053,2018-03-04,44654,487298630
2018-03-05,-209,5466808,2018-03-05,36633,487343284
2018-03-06,-267,5466599,2018-03-06,30855,487379917
2018-03-07,-247,5466332,2018-03-07,31445,487410772
2018-03-08,-303,5466085,2018-03-08,30135,487442217
2018-03-09,-357,5465782,2018-03-09,36216,487472352
2018-03-10,-355,5465425,2018-03-10,36104,487508568
2018-03-11,-293,5465070,2018-03-11,29593,487544672
2018-03-12,-420,5464777,2018-03-12,32183,487574265
2018-03-13,-291,5464357,2018-03-13,27616,487606448
2018-03-14,-290,5464066,2018-03-14,26052,487634064
2018-03-15,-291,5463776,2018-03-15,25845,487660116
2018-03-16,-394,5463485,2018-03-16,35004,487685961
2018-03-17,-422,5463091,2018-03-17,35426,487720965
2018-03-18,-376,5462669,2018-03-18,28672,487756391
2018-03-19,-310,5462293,2018-03-19,23523,487785063
2018-03-20,-383,5461983,2018-03-20,25425,487808586
2018-03-21,-360,5461600,2018-03-21,22585,487834011
2018-03-22,-453,5461240,2018-03-22,19187,487856596
2018-03-23,-451,5460787,2018-03-23,29459,487875783
2018-03-24,-570,5460336,2018-03-24,30862,487905242
2018-03-25,-554,5459766,2018-03-25,25032,487936104
2018-03-26,-337,5459212,2018-03-26,24426,487961136
2018-03-27,-443,5458875,2018-03-27,25185,487985562
2018-03-28,-412,5458432,2018-03-28,26850,488010747
2018-03-29,-469,5458020,2018-03-29,33595,488037597
2018-03-30,-539,5457551,2018-03-30,29445,488071192
2018-03-31,-620,5457012,2018-03-31,29576,488100637
2018-04-01,-545,5456392,2018-04-01,34592,488130213
2018-04-02,-314,5455847,2018-04-02,37388,488164805
2018-04-03,-502,5455533,2018-04-03,33796,488202193
2018-04-04,-465,5455031,2018-04-04,34548,488235989
2018-04-05,-347,5454566,2018-04-05,28613,488270537
2018-04-06,-537,5454219,2018-04-06,33310,488299150
2018-04-07,-512,5453682,2018-04-07,35440,488332460
2018-04-08,-406,5453170,2018-04-08,34075,488367900
2018-04-09,91,5452764,2018-04-09,34968,488401975
2018-04-10,123,5452855,2018-04-10,33383,488436943
2018-04-11,-68,5452978,2018-04-11,32904,488470326
2018-04-12,-286,5452910,2018-04-12,30850,488503230
2018-04-13,-241,5452624,2018-04-13,30004,488534080
2018-04-14,-503,5452383,2018-04-14,34411,488564084
2018-04-15,-370,5451880,2018-04-15,26765,488598495
2018-04-16,-504,5451510,2018-04-16,25160,488625260
2018-04-17,-257,5451006,2018-04-17,22016,488650420
2018-04-18,-329,5450749,2018-04-18,21202,488672436
2018-04-19,-453,5450420,2018-04-19,21721,488693638
2018-04-20,-361,5449967,2018-04-20,28613,488715359
2018-04-21,-474,5449606,2018-04-21,32201,488743972
2018-04-22,-276,5449132,2018-04-22,22724,488776173
2018-04-23,-357,5448856,2018-04-23,19606,488798897
2018-04-24,-281,5448499,2018-04-24,31129,488818503
2018-04-25,-317,5448218,2018-04-25,25058,488849632
2018-04-26,-431,5447901,2018-04-26,22560,488874690
2018-04-27,-716,5447470,2018-04-27,29780,488897250
2018-04-28,-501,5446754,2018-04-28,29250,488927030
2018-04-29,-436,5446253,2018-04-29,23106,488956280
2018-04-30,-325,5445817,2018-04-30,23896,488979386
2018-05-01,-575,5445492,2018-05-01,22365,489003282
2018-05-02,-383,5444917,2018-05-02,21363,489025647
2018-05-03,-480,5444534,2018-05-03,21984,489047010
2018-05-04,-390,5444054,2018-05-04,24645,489068994
2018-05-05,-527,5443664,2018-05-05,24342,489093639
2018-05-06,-403,5443137,2018-05-06,24141,489117981
2018-05-07,-376,5442734,2018-05-07,20749,489142122
2018-05-08,-502,5442358,2018-05-08,22343,489162871
2018-05-09,-361,5441856,2018-05-09,19689,489185214
2018-05-10,-393,5441495,2018-05-10,17717,489204903
2018-05-11,-586,5441102,2018-05-11,30365,489222620
2018-05-12,-393,5440516,2018-05-12,35307,489252985
2018-05-13,-529,5440123,2018-05-13,23416,489288292
2018-05-14,-455,5439594,2018-05-14,22458,489311708
2018-05-15,-565,5439139,2018-05-15,21182,489334166
2018-05-16,-321,5438574,2018-05-16,21137,489355348
2018-05-17,-280,5438253,2018-05-17,19552,489376485
2018-05-18,-339,5437973,2018-05-18,22319,489396037
2018-05-19,-541,5437634,2018-05-19,26776,489418356
2018-05-20,-499,5437093,2018-05-20,19661,489445132
2018-05-21,-447,5436594,2018-05-21,22135,489464793
2018-05-22,-275,5436147,2018-05-22,21216,489486928
2018-05-23,-524,5435872,2018-05-23,23750,489508144
2018-05-24,-724,5435348,2018-05-24,24656,489531894
2018-05-25,-504,5434624,2018-05-25,26827,489556550
2018-05-26,-706,5434120,2018-05-26,27677,489583377
2018-05-27,-502,5433414,2018-05-27,30703,489611054
2018-05-28,-536,5432912,2018-05-28,31376,489641757
2018-05-29,-542,5432376,2018-05-29,29930,489673133
2018-05-30,-577,5431834,2018-05-30,34205,489703063
2018-05-31,-514,5431257,2018-05-31,31951,489737268
2018-06-01,-459,5430743,2018-06-01,29724,489769219
2018-06-02,-402,5430284,2018-06-02,36391,489798943
2018-06-03,-482,5429882,2018-06-03,36997,489835334
2018-06-04,-377,5429400,2018-06-04,34342,489872331
2018-06-05,-323,5429023,2018-06-05,31778,489906673
2018-06-06,-336,5428700,2018-06-06,29704,489938451
2018-06-07,-375,5428364,2018-06-07,28305,489968155
2018-06-08,-499,5427989,2018-06-08,30063,489996460
2018-06-09,-507,5427490,2018-06-09,29886,490026523
2018-06-10,-465,5426983,2018-06-10,29605,490056409
2018-06-11,-693,5426518,2018-06-11,26630,490086014
2018-06-12,-921,5425825,2018-06-12,28720,490112644
2018-06-13,-525,5424904,2018-06-13,27075,490141364
2018-06-14,-649,5424379,2018-06-14,24308,490168439
2018-06-15,-916,5423730,2018-06-15,28839,490192747
2018-06-16,-1182,5422814,2018-06-16,27938,490221586
2018-06-17,-1081,5421632,2018-06-17,24528,490249524
2018-06-18,-947,5420551,2018-06-18,22205,490274052
2018-06-19,-739,5419604,2018-06-19,21147,490296257
2018-06-20,-733,5418865,2018-06-20,17701,490317404
2018-06-21,-642,5418132,2018-06-21,22272,490335105
2018-06-22,-693,5417490,2018-06-22,28838,490357377
2018-06-23,-679,5416797,2018-06-23,29478,490386215
2018-06-24,-614,5416118,2018-06-24,26058,490415693
2018-06-25,-539,5415504,2018-06-25,26258,490441751
2018-06-26,-549,5414965,2018-06-26,21401,490468009
2018-06-27,-409,5414416,2018-06-27,20728,490489410
2018-06-28,-539,5414007,2018-06-28,19555,490510138
2018-06-29,-497,5413468,2018-06-29,21801,490529693
2018-06-30,-688,5412971,2018-06-30,26392,490551494
2018-07-01,-602,5412283,2018-07-01,25088,490577886
2018-07-02,-480,5411681,2018-07-02,21120,490602974
2018-07-03,-565,5411201,2018-07-03,21463,490624094
2018-07-04,-527,5410636,2018-07-04,23433,490645557
2018-07-05,-685,5410109,2018-07-05,20526,490668990
2018-07-06,-506,5409424,2018-07-06,27553,490689516
2018-07-07,-533,5408918,2018-07-07,28872,490717069
2018-07-08,-621,5408385,2018-07-08,26564,490745941
2018-07-09,-513,5407764,2018-07-09,22263,490772505
2018-07-10,-567,5407251,2018-07-10,23936,490794768
2018-07-11,-608,5406684,2018-07-11,20713,490818704
2018-07-12,-567,5406076,2018-07-12,26448,490839417
2018-07-13,-516,5405509,2018-07-13,23718,490865865
2018-07-14,-681,5404993,2018-07-14,30220,490889583
2018-07-15,-710,5404312,2018-07-15,25538,490919803
2018-07-16,-758,5403602,2018-07-16,22972,490945341
2018-07-17,-1028,5402844,2018-07-17,19958,490968313
2018-07-18,-1158,5401816,2018-07-18,18532,490988271
2018-07-19,-932,5400658,2018-07-19,20220,491006803
2018-07-20,-831,5399726,2018-07-20,20374,491027023
2018-07-21,-967,5398895,2018-07-21,18242,491047397
2018-07-22,-891,5397928,2018-07-22,24660,491065639
2018-07-23,-710,5397037,2018-07-23,24431,491090299
2018-07-24,-718,5396327,2018-07-24,25156,491114730
2018-07-25,-610,5395609,2018-07-25,26668,491139886
2018-07-26,-712,5394999,2018-07-26,26555,491166554
2018-07-27,-679,5394287,2018-07-27,25610,491193109
2018-07-28,-2456,5393608,2018-07-28,27163,491218719
2018-07-29,-1905,5391152,2018-07-29,27737,491245882
2018-07-30,-1196,5389247,2018-07-30,27696,491273619
2018-07-31,-828,5388051,2018-07-31,29683,491301315
2018-08-01,-1450,5387223,2018-08-01,26985,491330998
2018-08-02,-1299,5385773,2018-08-02,27729,491357983
2018-08-03,-822,5384474,2018-08-03,25321,491385712
2018-08-04,-1870,5383652,2018-08-04,25078,491411033
2018-08-05,-1399,5381782,2018-08-05,26826,491436111
2018-08-06,-1075,5380383,2018-08-06,24291,491462937
2018-08-07,-807,5379308,2018-08-07,24624,491487228
2018-08-08,-766,5378501,2018-08-08,22818,491511852
2018-08-09,-776,5377735,2018-08-09,22674,491534670
2018-08-10,-688,5376959,2018-08-10,20709,491557344
2018-08-11,-821,5376271,2018-08-11,23225,491578053
2018-08-12,-698,5375450,2018-08-12,24709,491601278
2018-08-13,-730,5374752,2018-08-13,25285,491625987
2018-08-14,-750,5374022,2018-08-14,24932,491651272
2018-08-15,-536,5373272,2018-08-15,25036,491676204
2018-08-16,-772,5372736,2018-08-16,21200,491701240
2018-08-17,-613,5371964,2018-08-17,24305,491722440
2018-08-18,-1057,5371351,2018-08-18,22483,491746745
2018-08-19,-790,5370294,2018-08-19,21594,491769228
2018-08-20,-885,5369504,2018-08-20,18592,491790822
2018-08-21,-906,5368619,2018-08-21,21603,491809414
2018-08-22,-825,5367713,2018-08-22,21386,491831017
2018-08-23,-714,5366888,2018-08-23,20495,491852403
2018-08-24,-638,5366174,2018-08-24,18311,491872898
2018-08-25,-2476,5365536,2018-08-25,23378,491891209
2018-08-26,-978,5363060,2018-08-26,19091,491914587
2018-08-27,-659,5362082,2018-08-27,22532,491933678
2018-08-28,-730,5361423,2018-08-28,21390,491956210
2018-08-29,-599,5360693,2018-08-29,21094,491977600
2018-08-30,-612,5360094,2018-08-30,19867,491998694
2018-08-31,-678,5359482,2018-08-31,19657,492018561
2018-09-01,-800,5358804,2018-09-01,19207,492038218
2018-09-02,-802,5358004,2018-09-02,23459,492057425
2018-09-03,-604,5357202,2018-09-03,18332,492080884
2018-09-04,-727,5356598,2018-09-04,15829,492099216
2018-09-05,-572,5355871,2018-09-05,15037,492115045
2018-09-06,-695,5355299,2018-09-06,12705,492130082
2018-09-07,-556,5354604,2018-09-07,18264,492142787
2018-09-08,-760,5354048,2018-09-08,20855,492161051
2018-09-09,-781,5353288,2018-09-09,16650,492181906
2018-09-10,-579,5352507,2018-09-10,15541,492198556
2018-09-11,-520,5351928,2018-09-11,13772,492214097
2018-09-12,-565,5351408,2018-09-12,11107,492227869
2018-09-13,-424,5350843,2018-09-13,12570,492238976
2018-09-14,-738,5350419,2018-09-14,16944,492251546
2018-09-15,-868,5349681,2018-09-15,19180,492268490
2018-09-16,-494,5348813,2018-09-16,12968,492287670
2018-09-17,-538,5348319,2018-09-17,14953,492300638
2018-09-18,-1261,5347781,2018-09-18,11802,492315591
2018-09-19,-922,5346520,2018-09-19,12325,492327393
2018-09-20,-732,5345598,2018-09-20,12875,492339718
2018-09-21,-595,5344866,2018-09-21,19540,492352593
2018-09-22,-833,5344271,2018-09-22,22991,492372133
2018-09-23,-653,5343438,2018-09-23,15552,492395124
2018-09-24,-572,5342785,2018-09-24,17049,492410676
2018-09-25,-670,5342213,2018-09-25,15029,492427725
2018-09-26,-514,5341543,2018-09-26,18565,492442754
2018-09-27,-708,5341029,2018-09-27,15430,492461319
2018-09-28,-730,5340321,2018-09-28,21204,492476749
2018-09-29,-735,5339591,2018-09-29,24984,492497953
2018-09-30,-651,5338856,2018-09-30,19799,492522937
2018-10-01,-576,5338205,2018-10-01,18944,492542736
2018-10-02,-510,5337629,2018-10-02,20541,492561680
2018-10-03,-455,5337119,2018-10-03,16583,492582221
2018-10-04,-426,5336664,2018-10-04,7406,492598804
2018-10-05,-1124,5336238,2018-10-05,0,492606210
2018-10-06,-787,5335114,2018-10-06,47672,492606210
2018-10-07,-710,5334327,2018-10-07,15571,492653882
2018-10-08,-605,5333617,2018-10-08,13008,492669453
2018-10-09,-474,5333012,2018-10-09,14372,492682461
2018-10-10,-427,5332538,2018-10-10,12752,492696833
2018-10-11,-580,5332111,2018-10-11,11864,492709585
2018-10-12,-809,5331531,2018-10-12,18109,492721449
2018-10-13,-1541,5330722,2018-10-13,19520,492739558
2018-10-14,-1690,5329181,2018-10-14,15308,492759078
2018-10-15,-493,5327491,2018-10-15,11473,492774386
2018-10-16,-1142,5326998,2018-10-16,17306,492785859
2018-10-17,-1075,5325856,2018-10-17,13232,492803165
2018-10-18,-431,5324781,2018-10-18,6990,492816397
2018-10-19,-925,5324350,2018-10-19,19756,492823387
2018-10-20,-832,5323425,2018-10-20,18168,492843143
2018-10-21,-777,5322593,2018-10-21,16562,492861311
2018-10-22,-959,5321816,2018-10-22,13026,492877873
2018-10-23,-696,5320857,2018-10-23,14459,492890899
2018-10-24,-581,5320161,2018-10-24,14209,492905358
2018-10-25,-495,5319580,2018-10-25,14437,492919567
2018-10-26,-332,5319085,2018-10-26,16894,492934004
2018-10-27,-2769,5318753,2018-10-27,197992,492950898
2018-10-28,-457,5315984,2018-10-28,43088,493148890
2018-10-29,-603,5315527,2018-10-29,119317,493191978
2018-10-30,-603,5314924,2018-10-30,119318,493311295
2018-10-31,-94,5314321,2018-10-31,75496,493430613
2018-11-01,-56,5314227,2018-11-01,58588,493506109
2018-11-02,-85,5314171,2018-11-02,56048,493564697
2018-11-03,-121,5314086,2018-11-03,58051,493620745
2018-11-04,-345,5313965,2018-11-04,45651,493678796
2018-11-05,-319,5313620,2018-11-05,48646,493724447
2018-11-06,-349,5313301,2018-11-06,33897,493773093
2018-11-07,-362,5312952,2018-11-07,30354,493806990
2018-11-08,-263,5312590,2018-11-08,26078,493837344
2018-11-09,-301,5312327,2018-11-09,24098,493863422
2018-11-10,-300,5312026,2018-11-10,24279,493887520
2018-11-11,-1961,5311726,2018-11-11,27144,493911799
2018-11-12,-3385,5309765,2018-11-12,247790,493938943
2018-11-13,-1212,5306380,2018-11-13,125205,494186733
2018-11-14,-2052,5305168,2018-11-14,48052,494311938
2018-11-15,-389,5303116,2018-11-15,29616,494359990
2018-11-16,-664,5302727,2018-11-16,32810,494389606
2018-11-17,-206,5302063,2018-11-17,13594,494422416
2018-11-18,-1187,5301857,2018-11-18,23010,494436010
2018-11-19,-877,5300670,2018-11-19,322855,494459020
2018-11-20,-1345,5299793,2018-11-20,189577,494781875
2018-11-21,-240,5298448,2018-11-21,100147,494971452
2018-11-22,-412,5298208,2018-11-22,69697,495071599
2018-11-23,-298,5297796,2018-11-23,57346,495141296
2018-11-24,-286,5297498,2018-11-24,47296,495198642
2018-11-25,-395,5297212,2018-11-25,54287,495245938
2018-11-26,-320,5296817,2018-11-26,34858,495300225
2018-11-27,-300,5296497,2018-11-27,29811,495335083
2018-11-28,-342,5296197,2018-11-28,28092,495364894
2018-11-29,-998,5295855,2018-11-29,23444,495392986
2018-11-30,-998,5294857,2018-11-30,20755,495416430
2018-12-01,-998,5293859,2018-12-01,21693,495437185
2018-12-02,-998,5292861,2018-12-02,33048,495458878
2018-12-03,-2893,5291863,2018-12-03,96511,495491926
2018-12-04,-1220,5288970,2018-12-04,50161,495588437
2018-12-05,-532,5287750,2018-12-05,27472,495638598
2018-12-06,-465,5287218,2018-12-06,22702,495666070
2018-12-07,-590,5286753,2018-12-07,23313,495688772
2018-12-08,-598,5286163,2018-12-08,30164,495712085
2018-12-09,-556,5285565,2018-12-09,20192,495742249
2018-12-10,-5299,5285009,2018-12-10,82657,495762441
2018-12-11,-1151,5279710,2018-12-11,60180,495845098
2018-12-12,-542,5278559,2018-12-12,37968,495905278
2018-12-13,-460,5278017,2018-12-13,25747,495943246
2018-12-14,-856,5277557,2018-12-14,23570,495968993
2018-12-15,-508,5276701,2018-12-15,29959,495992563
2018-12-16,-1489,5276193,2018-12-16,47466,496022522
2018-12-17,-2357,5274704,2018-12-17,148867,496069988
2018-12-18,-518,5272347,2018-12-18,76136,496218855
2018-12-19,-323,5271829,2018-12-19,50893,496294991
2018-12-20,-429,5271506,2018-12-20,50748,496345884
2018-12-21,-427,5271077,2018-12-21,39363,496396632
2018-12-22,-320,5270650,2018-12-22,43437,496435995
2018-12-23,-558,5270330,2018-12-23,36333,496479432
2018-12-24,-558,5269772,2018-12-24,34837,496515765
2018-12-25,-541,5269214,2018-12-25,24560,496550602
2018-12-26,-681,5268673,2018-12-26,21022,496575162
2018-12-27,-562,5267992,2018-12-27,26911,496596184
2018-12-28,-528,5267430,2018-12-28,32014,496623095
2018-12-29,-558,5266902,2018-12-29,34045,496655109
2018-12-30,-557,5266344,2018-12-30,38082,496689154
2018-12-31,-495,5265787,2018-12-31,39274,496727236
2019-01-01,-549,5265292,2019-01-01,26355,496766510
2019-01-02,-708,5264743,2019-01-02,37220,496792865
2019-01-03,-643,5264035,2019-01-03,37131,496830085
2019-01-04,-602,5263392,2019-01-04,35135,496867216
2019-01-05,-579,5262790,2019-01-05,33382,496902351
2019-01-06,-1999,5262211,2019-01-06,47316,496935733
2019-01-07,-2463,5260212,2019-01-07,137366,496983049
2019-01-08,0,5257749,2019-01-08,78011,497120415
2019-01-09,0,5257749,2019-01-09,75318,497198426
2019-01-10,-1855,5257749,2019-01-10,13740,497273744
2019-01-11,-524,5255894,2019-01-11,33123,497287484
2019-01-12,-544,5255370,2019-01-12,34134,497320607
2019-01-13,-1728,5254826,2019-01-13,57490,497354741
2019-01-14,0,5253098,2019-01-14,0,497412231
2019-01-15,-2736,5253098,2019-01-15,265466,497412231
2019-01-16,-527,5250362,2019-01-16,57046,497677697
2019-01-17,-532,5249835,2019-01-17,36927,497734743
2019-01-18,-405,5249303,2019-01-18,32778,497771670
2019-01-19,-511,5248898,2019-01-19,32071,497804448
2019-01-20,-619,5248387,2019-01-20,27412,497836519
2019-01-21,-539,5247768,2019-01-21,20737,497863931
2019-01-22,-578,5247229,2019-01-22,24908,497884668
2019-01-23,-404,5246651,2019-01-23,13458,497909576
2019-01-24,-454,5246247,2019-01-24,16445,497923034
2019-01-25,-446,5245793,2019-01-25,16767,497939479
2019-01-26,-517,5245347,2019-01-26,17046,497956246
2019-01-27,-593,5244830,2019-01-27,17744,497973292
2019-01-28,-589,5244237,2019-01-28,15911,497991036
2019-01-29,-583,5243648,2019-01-29,14011,498006947
2019-01-30,-567,5243065,2019-01-30,13564,498020958
2019-01-31,-521,5242498,2019-01-31,12039,498034522
2019-02-01,-477,5241977,2019-02-01,13101,498046561
2019-02-02,-649,5241500,2019-02-02,15201,498059662
2019-02-03,-682,5240851,2019-02-03,17143,498074863
2019-02-04,-710,5240169,2019-02-04,11850,498092006
2019-02-05,-667,5239459,2019-02-05,11526,498103856
2019-02-06,-595,5238792,2019-02-06,11572,498115382
2019-02-07,-632,5238197,2019-02-07,10994,498126954
2019-02-08,-507,5237565,2019-02-08,10792,498137948
2019-02-09,-611,5237058,2019-02-09,13205,498148740
2019-02-10,-3487,5236447,2019-02-10,26989,498161945
2019-02-11,-6184,5232960,2019-02-11,80888,498188934
2019-02-12,-1486,5226776,2019-02-12,37112,498269822
2019-02-13,-901,5225290,2019-02-13,23490,498306934
2019-02-14,-727,5224389,2019-02-14,17466,498330424
2019-02-15,-721,5223662,2019-02-15,21746,498347890
2019-02-16,-834,5222941,2019-02-16,20034,498369636
2019-02-17,-448,5222107,2019-02-17,12395,498389670
2019-02-18,-447,5221659,2019-02-18,12395,498402065
2019-02-19,-705,5221212,2019-02-19,27661,498414460
2019-02-20,-601,5220507,2019-02-20,23089,498442121
2019-02-21,-586,5219906,2019-02-21,22675,498465210
2019-02-22,-1374,5219320,2019-02-22,20569,498487885
2019-02-23,-571,5217946,2019-02-23,17509,498508454
2019-02-24,-459,5217375,2019-02-24,10771,498525963
2019-02-25,-1910,5216916,2019-02-25,29461,498536734
2019-02-26,-1612,5215006,2019-02-26,97421,498566195
2019-02-27,-1611,5213394,2019-02-27,97422,498663616
2019-02-28,-922,5211783,2019-02-28,26411,498761038
2019-03-01,-421,5210861,2019-03-01,41323,498787449
2019-03-02,-651,5210440,2019-03-02,53066,498828772
2019-03-03,-731,5209789,2019-03-03,42457,498881838
2019-03-04,-570,5209058,2019-03-04,34784,498924295
2019-03-05,-508,5208488,2019-03-05,25959,498959079
2019-03-06,-533,5207980,2019-03-06,21000,498985038
2019-03-07,-476,5207447,2019-03-07,16659,499006038
2019-03-08,-496,5206971,2019-03-08,16638,499022697
2019-03-09,-576,5206475,2019-03-09,16191,499039335
2019-03-10,-1534,5205899,2019-03-10,39149,499055526
2019-03-11,-1188,5204365,2019-03-11,72977,499094675
2019-03-12,-1188,5203177,2019-03-12,72977,499167652
2019-03-13,-1187,5201989,2019-03-13,72978,499240629
2019-03-14,-890,5200802,2019-03-14,59884,499313607
2019-03-15,-304,5199912,2019-03-15,12337,499373491
2019-03-16,-831,5199608,2019-03-16,24666,499385828
2019-03-17,-831,5198777,2019-03-17,24666,499410494
2019-03-18,-617,5197946,2019-03-18,31829,499435160
2019-03-19,-618,5197329,2019-03-19,5681,499466989
2019-03-20,-512,5196711,2019-03-20,20075,499472670
2019-03-21,-687,5196199,2019-03-21,20506,499492745
2019-03-22,-516,5195512,2019-03-22,12040,499513251
2019-03-23,-516,5194996,2019-03-23,12041,499525291
2019-03-24,-516,5194480,2019-03-24,12041,499537332
2019-03-25,-516,5193964,2019-03-25,12041,499549373
2019-03-26,-494,5193448,2019-03-26,11119,499561414
2019-03-27,-483,5192954,2019-03-27,11558,499572533
2019-03-28,-556,5192471,2019-03-28,22407,499584091
2019-03-29,-601,5191915,2019-03-29,18014,499606498
2019-03-30,-438,5191314,2019-03-30,18368,499624512
2019-03-31,-584,5190876,2019-03-31,20105,499642880
2019-04-01,-487,5190292,2019-04-01,14806,499662985
2019-04-02,-487,5189805,2019-04-02,13426,499677791
2019-04-03,-517,5189318,2019-04-03,13013,499691217
2019-04-04,-490,5188801,2019-04-04,12701,499704230
2019-04-05,-471,5188311,2019-04-05,12674,499716931
2019-04-06,-523,5187840,2019-04-06,15346,499729605
2019-04-07,-2244,5187317,2019-04-07,98293,499744951
2019-04-08,-1083,5185073,2019-04-08,131392,499843244
2019-04-09,-547,5183990,2019-04-09,102398,499974636
2019-04-10,-425,5183443,2019-04-10,92247,500077034
2019-04-11,-489,5183018,2019-04-11,49061,500169281
2019-04-12,-521,5182529,2019-04-12,39454,500218342
2019-04-13,-584,5182008,2019-04-13,46081,500257796
2019-04-14,-1344,5181424,2019-04-14,114566,500303877
2019-04-15,-1066,5180080,2019-04-15,178459,500418443
2019-04-16,-582,5179014,2019-04-16,98785,500596902
2019-04-17,-410,5178432,2019-04-17,43877,500695687
2019-04-18,-410,5178022,2019-04-18,43877,500739564
2019-04-19,-410,5177612,2019-04-19,43877,500783441
2019-04-20,-410,5177202,2019-04-20,43877,500827318
2019-04-21,-410,5176792,2019-04-21,43877,500871195
2019-04-22,-409,5176382,2019-04-22,43877,500915072
2019-04-23,-356,5175973,2019-04-23,29098,500958949
2019-04-24,-411,5175617,2019-04-24,26240,500988047
2019-04-25,-510,5175206,2019-04-25,25632,501014287
2019-04-26,-510,5174696,2019-04-26,25633,501039919
2019-04-27,-292,5174186,2019-04-27,11722,501065552
2019-04-28,-784,5173894,2019-04-28,26997,501077274
2019-04-29,-465,5173110,2019-04-29,17647,501104271
2019-04-30,-508,5172645,2019-04-30,14723,501121918
2019-05-01,-558,5172137,2019-05-01,14723,501136641
2019-05-02,-235,5171579,2019-05-02,14723,501151364
2019-05-03,-573,5171344,2019-05-03,14723,501166087
2019-05-04,-424,5170771,2019-05-04,14723,501180810
2019-05-05,-445,5170347,2019-05-05,14724,501195533
2019-05-06,-461,5169902,2019-05-06,18565,501210257
2019-05-07,-385,5169441,2019-05-07,11213,501228822
2019-05-08,-430,5169056,2019-05-08,10808,501240035
2019-05-09,-499,5168626,2019-05-09,11134,501250843
2019-05-10,-457,5168127,2019-05-10,9343,501261977
2019-05-11,-924,5167670,2019-05-11,12725,501271320
2019-05-12,-1063,5166746,2019-05-12,14254,501284045
2019-05-13,-831,5165683,2019-05-13,10108,501298299
2019-05-14,-610,5164852,2019-05-14,10051,501308407
2019-05-15,-878,5164242,2019-05-15,11726,501318458
2019-05-16,-581,5163364,2019-05-16,8625,501330184
2019-05-17,-653,5162783,2019-05-17,8856,501338809
2019-05-18,-693,5162130,2019-05-18,8963,501347665
2019-05-19,-793,5161437,2019-05-19,11526,501356628
2019-05-20,-1068,5160644,2019-05-20,12004,501368154
2019-05-21,-2340,5159576,2019-05-21,46443,501380158
2019-05-22,-1801,5157236,2019-05-22,60468,501426601
2019-05-23,-788,5155435,2019-05-23,26110,501487069
2019-05-24,-572,5154647,2019-05-24,25162,501513179
2019-05-25,-618,5154075,2019-05-25,13714,501538341
2019-05-26,-666,5153457,2019-05-26,24636,501552055
2019-05-27,-636,5152791,2019-05-27,14404,501576691
2019-05-28,-555,5152155,2019-05-28,18615,501591095
2019-05-29,-582,5151600,2019-05-29,15141,501609710
2019-05-30,-583,5151018,2019-05-30,14749,501624851
2019-05-31,-491,5150435,2019-05-31,14039,501639600
2019-06-01,-542,5149944,2019-06-01,10757,501653639
2019-06-02,-546,5149402,2019-06-02,11654,501664396
2019-06-03,-460,5148856,2019-06-03,11675,501676050
2019-06-04,-629,5148396,2019-06-04,8827,501687725
2019-06-05,-554,5147767,2019-06-05,10005,501696552
2019-06-06,-622,5147213,2019-06-06,9642,501706557
2019-06-07,-421,5146591,2019-06-07,8544,501716199
2019-06-08,-506,5146170,2019-06-08,10899,501724743
2019-06-09,-532,5145664,2019-06-09,10350,501735642
2019-06-10,-1049,5145132,2019-06-10,11774,501745992
2019-06-11,-836,5144083,2019-06-11,11631,501757766
2019-06-12,-733,5143247,2019-06-12,11033,501769397
2019-06-13,-670,5142514,2019-06-13,11311,501780430
2019-06-14,-528,5141844,2019-06-14,10687,501791741
2019-06-15,-553,5141316,2019-06-15,12074,501802428
2019-06-16,-683,5140763,2019-06-16,14225,501814502
2019-06-17,-512,5140080,2019-06-17,7117,501828727
2019-06-18,-1110,5139568,2019-06-18,9419,501835844
2019-06-19,-909,5138458,2019-06-19,9906,501845263
2019-06-20,-678,5137549,2019-06-20,6374,501855169
2019-06-21,-604,5136871,2019-06-21,7811,501861543
2019-06-22,-446,5136267,2019-06-22,10021,501869354
2019-06-23,-575,5135821,2019-06-23,9586,501879375
2019-06-24,-1144,5135246,2019-06-24,13732,501888961
2019-06-25,-442,5134102,2019-06-25,6257,501902693
2019-06-26,-499,5133660,2019-06-26,8891,501908950
2019-06-27,-415,5133161,2019-06-27,9165,501917841
2019-06-28,-563,5132746,2019-06-28,10940,501927006
2019-06-29,-441,5132183,2019-06-29,9329,501937946
2019-06-30,-591,5131742,2019-06-30,10569,501947275
2019-07-01,-403,5131151,2019-07-01,7227,501957844
2019-07-02,-448,5130748,2019-07-02,10746,501965071
2019-07-03,-459,5130300,2019-07-03,9452,501975817
2019-07-04,-361,5129841,2019-07-04,7885,501985269
2019-07-05,-372,5129480,2019-07-05,8261,501993154
2019-07-06,-364,5129108,2019-07-06,9238,502001415
2019-07-07,-574,5128744,2019-07-07,10514,502010653
2019-07-08,-508,5128170,2019-07-08,10777,502021167
2019-07-09,-498,5127662,2019-07-09,9617,502031944
2019-07-10,-398,5127164,2019-07-10,8888,502041561
2019-07-11,-398,5126766,2019-07-11,8889,502050449
2019-07-12,-498,5126368,2019-07-12,9090,502059338
2019-07-13,-499,5125870,2019-07-13,8961,502068428
2019-07-14,-524,5125371,2019-07-14,10891,502077389
2019-07-15,-752,5124847,2019-07-15,9473,502088280
2019-07-16,-518,5124095,2019-07-16,10205,502097753
2019-07-17,-487,5123577,2019-07-17,10801,502107958
2019-07-18,-415,5123090,2019-07-18,10911,502118759
2019-07-19,-639,5122675,2019-07-19,10770,502129670
2019-07-20,-522,5122036,2019-07-20,11325,502140440
2019-07-21,-608,5121514,2019-07-21,12073,502151765
2019-07-22,-569,5120906,2019-07-22,12768,502163838
2019-07-23,-486,5120337,2019-07-23,13163,502176606
2019-07-24,-570,5119851,2019-07-24,13116,502189769
2019-07-25,-476,5119281,2019-07-25,14261,502202885
2019-07-26,-460,5118805,2019-07-26,14093,502217146
2019-07-27,-496,5118345,2019-07-27,14641,502231239
2019-07-28,-525,5117849,2019-07-28,19410,502245880
2019-07-29,-527,5117324,2019-07-29,16947,502265290
2019-07-30,-583,5116797,2019-07-30,20193,502282237
2019-07-31,-560,5116214,2019-07-31,19454,502302430
2019-08-01,-488,5115654,2019-08-01,15982,502321884
2019-08-02,-425,5115166,2019-08-02,18071,502337866
2019-08-03,-497,5114741,2019-08-03,19146,502355937
2019-08-04,-1764,5114244,2019-08-04,37876,502375083
2019-08-05,-1635,5112480,2019-08-05,60534,502412959
2019-08-06,-998,5110845,2019-08-06,56917,502473493
2019-08-07,1426,5109847,2019-08-07,89710,502530410
2019-08-08,-167,5111273,2019-08-08,46257,502620120
2019-08-09,-442,5111106,2019-08-09,43619,502666377
2019-08-10,-586,5110664,2019-08-10,40612,502709996
2019-08-11,-498,5110078,2019-08-11,33058,502750608
2019-08-12,-392,5109580,2019-08-12,33610,502783666
2019-08-13,-567,5109188,2019-08-13,30046,502817276
2019-08-14,-400,5108621,2019-08-14,33106,502847322
2019-08-15,-378,5108221,2019-08-15,26453,502880428
2019-08-16,-506,5107843,2019-08-16,28693,502906881
2019-08-17,-369,5107337,2019-08-17,26991,502935574
2019-08-18,-491,5106968,2019-08-18,25863,502962565
2019-08-19,-444,5106477,2019-08-19,22625,502988428
2019-08-20,-376,5106033,2019-08-20,25124,503011053
2019-08-21,-404,5105657,2019-08-21,24194,503036177
2019-08-22,-535,5105253,2019-08-22,23357,503060371
2019-08-23,-443,5104718,2019-08-23,21797,503083728
2019-08-24,-399,5104275,2019-08-24,20259,503105525
2019-08-25,-456,5103876,2019-08-25,18836,503125784
2019-08-26,-422,5103420,2019-08-26,18629,503144620
2019-08-27,-457,5102998,2019-08-27,20798,503163249
2019-08-28,-430,5102541,2019-08-28,19152,503184047
2019-08-29,-402,5102111,2019-08-29,15331,503203199
2019-08-30,-343,5101709,2019-08-30,14670,503218530
2019-08-31,-419,5101366,2019-08-31,16054,503233200
2019-09-01,-432,5100947,2019-09-01,15064,503249254
2019-09-02,-456,5100515,2019-09-02,16463,503264318
2019-09-03,-473,5100059,2019-09-03,19160,503280781
2019-09-04,-308,5099586,2019-09-04,8664,503299941
2019-09-05,-380,5099278,2019-09-05,11945,503308605
2019-09-06,-388,5098898,2019-09-06,11236,503320550
2019-09-07,-422,5098510,2019-09-07,14210,503331786
2019-09-08,-474,5098088,2019-09-08,14185,503345996
2019-09-09,-456,5097614,2019-09-09,15858,503360181
2019-09-10,-320,5097158,2019-09-10,12566,503376039
2019-09-11,-276,5096838,2019-09-11,11956,503388605
2019-09-12,-258,5096562,2019-09-12,12168,503400561
2019-09-13,-545,5096304,2019-09-13,11584,503412729
2019-09-14,-432,5095759,2019-09-14,15003,503424313
2019-09-15,-416,5095327,2019-09-15,17293,503439316
